PDB ID,Chain,Uniprot ID,DPB Position,SEQ Position,Wild,Mutant,Temp,pH,,,G (kcal/mol) positive is stable,,,PubMed ID,Protein name,Source
1A0F,A,P0A9D2,11,11,S,A,56.68,6.5,,,-1.8,,,17223798,glutathione_transferases,escherichia_coli
1BA3,A,P08659,461,461,H,D,25,7.8,,,-1.744741874,,,28711358,LUCIFERASE,firefly
1BA3,A,P08659,489,489,H,K,25,7.8,,,-0.286806883,,,28711358,LUCIFERASE,firefly
1BA3,A,P08659,489,489,H,D,25,7.8,,,0.286806883,,,28711358,LUCIFERASE,firefly
1BA3,A,P08659,489,489,H,M,25,7.8,,,-0.26290631,,,28711358,LUCIFERASE,firefly
1BNL,A,P39060,76,1647,D,A,20,7.4,,,-0.820574163,,,17544408,endostatin,human
1DXX,A,P11532,18,18,K,N,25,7,,,-3.7,,,25340340,N-ABD,human
1E0L,A,Q8CGF7,11,440,Y,R,25,7,,,0.633814532,,,12651955,FBP_WWdomain,Mus_musculus
1E0L,A,Q8CGF7,19,448,Y,L,25,7,,,-1.281500956,,,12651955,FBP_WWdomain,Mus_musculus
1E0L,A,Q8CGF7,30,459,W,A,25,7,,,-0.972734226,,,12651955,FBP_WWdomain,Mus_musculus
1E0L,A,Q8CGF7,30,459,W,F,25,7,,,0.523386711,,,12651955,FBP_WWdomain,Mus_musculus
1E0W,A,P26514,85,126,W,A,68,6,,,1.076555024,,,10235626,Xylanase,Streptpmyces_Lividans
1E0W,A,P26514,85,126,W,F,68,6,,,-2.200956938,,,10235626,Xylanase,Streptpmyces_Lividans
1E0W,A,P26514,85,126,W,H,68,6,,,-0.526315789,,,10235626,Xylanase,Streptpmyces_Lividans
1E0W,A,P26514,172,213,Y,A,68,6,,,-2.775119617,,,10235626,Xylanase,Streptpmyces_Lividans
1E0W,A,P26514,172,213,Y,F,68,6,,,-0.502392344,,,10235626,Xylanase,Streptpmyces_Lividans
1E0W,A,P26514,172,213,Y,S,68,6,,,0.861244019,,,10235626,Xylanase,Streptpmyces_Lividans
1E0W,A,P26514,266,307,W,A,68,6,,,-2.583732057,,,10235626,Xylanase,Streptpmyces_Lividans
1E0W,A,P26514,266,307,W,F,68,6,,,-1.818181818,,,10235626,Xylanase,Streptpmyces_Lividans
1E0W,A,P26514,266,307,W,H,68,6,,,-3.995215311,,,10235626,Xylanase,Streptpmyces_Lividans
1E0W,A,P26514,274,315,W,A,68,6,,,2.272727273,,,10235626,Xylanase,Streptpmyces_Lividans
1E0W,A,P26514,274,315,W,F,68,6,,,0.43062201,,,10235626,Xylanase,Streptpmyces_Lividans
1E0W,A,P26514,274,315,W,H,68,6,,,0.14354067,,,10235626,Xylanase,Streptpmyces_Lividans
1F8I,A,P9WKK7,345,345,F,A,25,8,,,-0.41,,,28432345,MtbICL,Mycobacterium_tuberculosis
1FC1,A,P01857,347,230,Q,A,20,7.4,,,-1.1,,,9649307,immunoglobulin_igg1,human
1FC1,A,P01857,349,232,Y,A,20,7.4,,,-0.7,,,9649307,immunoglobulin_igg1,human
1FC1,A,P01857,350,233,T,A,20,7.4,,,-0.1,,,9649307,immunoglobulin_igg1,human
1FC1,A,P01857,351,234,L,A,20,7.4,,,-1.3,,,9649307,immunoglobulin_igg1,human
1FC1,A,P01857,366,249,T,A,20,7.4,,,-2.3,,,9649307,immunoglobulin_igg1,human
1FC1,A,P01857,368,251,L,A,20,7.4,,,-2.2,,,9649307,immunoglobulin_igg1,human
1FC1,A,P01857,370,253,K,A,20,7.4,,,-1.1,,,9649307,immunoglobulin_igg1,human
1FC1,A,P01857,392,275,K,A,20,7.4,,,-0.4,,,9649307,immunoglobulin_igg1,human
1FC1,A,P01857,394,277,T,A,20,7.4,,,-0.6,,,9649307,immunoglobulin_igg1,human
1FC1,A,P01857,395,278,P,A,20,7.4,,,-3.2,,,9649307,immunoglobulin_igg1,human
1FC1,A,P01857,397,280,V,A,20,7.4,,,-0.6,,,9649307,immunoglobulin_igg1,human
1FC1,A,P01857,398,281,L,A,20,7.4,,,-0.1,,,9649307,immunoglobulin_igg1,human
1FC1,A,P01857,399,282,D,A,20,7.4,,,-0.7,,,9649307,immunoglobulin_igg1,human
1FC1,A,P01857,405,288,F,A,20,7.4,,,-2.5,,,9649307,immunoglobulin_igg1,human
1FC1,A,P01857,407,290,Y,A,20,7.4,,,-2.1,,,9649307,immunoglobulin_igg1,human
1FC1,A,P01857,409,292,K,A,20,7.4,,,-2.4,,,9649307,immunoglobulin_igg1,human
1FT8,A,Q9UBU9,212,212,L,V,25,7,,,-1.38,,,24535093,TAPLRR,human
1FT8,A,Q9UBU9,216,216,M,L,25,7,,,0.27,,,24535093,TAPLRR,human
1FT8,A,Q9UBU9,238,238,L,I,25,7,,,-0.35,,,24535093,TAPLRR,human
1FT8,A,Q9UBU9,264,264,I,V,25,7,,,-0.64,,,24535093,TAPLRR,human
1FT8,A,Q9UBU9,267,267,L,I,25,7,,,-0.11,,,24535093,TAPLRR,human
1FT8,A,Q9UBU9,287,287,V,A,25,7,,,-0.16,,,24535093,TAPLRR,human
1FT8,A,Q9UBU9,293,293,L,I,25,7,,,-0.8,,,24535093,TAPLRR,human
1FT8,A,Q9UBU9,293,293,L,V,25,7,,,-1.41,,,24535093,TAPLRR,human
1FT8,A,Q9UBU9,315,315,L,A,25,7,,,-1.65,,,24535093,TAPLRR,human
1FT8,A,Q9UBU9,317,317,L,I,25,7,,,-0.85,,,24535093,TAPLRR,human
1FT8,A,Q9UBU9,339,339,S,A,25,7,,,0.32,,,24535093,TAPLRR,human
1FT8,A,Q9UBU9,348,348,L,I,25,7,,,-0.53,,,24535093,TAPLRR,human
1FT8,A,Q9UBU9,349,349,L,I,25,7,,,0.05,,,24535093,TAPLRR,human
1G3P,A,P69168,160,178,D,A,15,7,,,-0.26290631,,,19232524,N2domain_G3P,Enterobacteria_phage_M13
1G3P,A,P69168,160,178,D,C,15,7,,,-0.095602294,,,19232524,N2domain_G3P,Enterobacteria_phage_M13
1G3P,A,P69168,160,178,D,E,15,7,,,-0.358508604,,,19232524,N2domain_G3P,Enterobacteria_phage_M13
1G3P,A,P69168,160,178,D,F,15,7,,,-0.358508604,,,19232524,N2domain_G3P,Enterobacteria_phage_M13
1G3P,A,P69168,160,178,D,G,15,7,,,-0.669216061,,,19232524,N2domain_G3P,Enterobacteria_phage_M13
1G3P,A,P69168,160,178,D,H,15,7,,,0.047801147,,,19232524,N2domain_G3P,Enterobacteria_phage_M13
1G3P,A,P69168,160,178,D,I,15,7,,,-0.932122371,,,19232524,N2domain_G3P,Enterobacteria_phage_M13
1G3P,A,P69168,160,178,D,K,15,7,,,-0.334608031,,,19232524,N2domain_G3P,Enterobacteria_phage_M13
1G3P,A,P69168,160,178,D,L,15,7,,,-0.549713193,,,19232524,N2domain_G3P,Enterobacteria_phage_M13
1G3P,A,P69168,160,178,D,M,15,7,,,-0.501912046,,,19232524,N2domain_G3P,Enterobacteria_phage_M13
1G3P,A,P69168,160,178,D,N,15,7,,,0.071701721,,,19232524,N2domain_G3P,Enterobacteria_phage_M13
1G3P,A,P69168,160,178,D,P,15,7,,,-0.645315488,,,19232524,N2domain_G3P,Enterobacteria_phage_M13
1G3P,A,P69168,160,178,D,Q,15,7,,,-0.478011472,,,19232524,N2domain_G3P,Enterobacteria_phage_M13
1G3P,A,P69168,160,178,D,R,15,7,,,-0.669216061,,,19232524,N2domain_G3P,Enterobacteria_phage_M13
1G3P,A,P69168,160,178,D,S,15,7,,,-0.286806883,,,19232524,N2domain_G3P,Enterobacteria_phage_M13
1G3P,A,P69168,160,178,D,T,15,7,,,-0.740917782,,,19232524,N2domain_G3P,Enterobacteria_phage_M13
1G3P,A,P69168,160,178,D,V,15,7,,,-1.12332696,,,19232524,N2domain_G3P,Enterobacteria_phage_M13
1G3P,A,P69168,160,178,D,W,15,7,,,-0.167304015,,,19232524,N2domain_G3P,Enterobacteria_phage_M13
1G3P,A,P69168,160,178,D,Y,15,7,,,-0.071701721,,,19232524,N2domain_G3P,Enterobacteria_phage_M13
1G3P,A,P69168,136,154,F,V,40,7,,,-3.70458891,,,20394751,N2domain_G3P,Enterobacteria_phage_M13
1G3P,A,P69168,137,155,Q,N,40,7,,,-1.792543021,,,20394751,N2domain_G3P,Enterobacteria_phage_M13
1G3P,A,P69168,138,156,N,G,40,7,,,0.764818356,,,20394751,N2domain_G3P,Enterobacteria_phage_M13
1G3P,A,P69168,139,157,N,K,40,7,,,-0.430210325,,,20394751,N2domain_G3P,Enterobacteria_phage_M13
1G3P,A,P69168,139,157,N,V,40,7,,,-2.031548757,,,20394751,N2domain_G3P,Enterobacteria_phage_M13
1G3P,A,P69168,136,154,F,V,15,7,,,-3.824091778,,,20394751,N2domain_G3P,Enterobacteria_phage_M13
1G3P,A,P69168,137,155,Q,N,15,7,,,-1.959847036,,,20394751,N2domain_G3P,Enterobacteria_phage_M13
1G3P,A,P69168,138,156,N,G,15,7,,,0.932122371,,,20394751,N2domain_G3P,Enterobacteria_phage_M13
1G3P,A,P69168,139,157,N,K,15,7,,,-0.59751434,,,20394751,N2domain_G3P,Enterobacteria_phage_M13
1G3P,A,P69168,139,157,N,V,15,7,,,-2.748565966,,,20394751,N2domain_G3P,Enterobacteria_phage_M13
1G3P,A,P69168,144,162,R,V,40,7,,,0.764818356,,,20394751,N2domain_G3P,Enterobacteria_phage_M13
1G3P,A,P69168,145,163,Q,N,40,7,,,0.26290631,,,20394751,N2domain_G3P,Enterobacteria_phage_M13
1G3P,A,P69168,147,165,A,K,40,7,,,-0.286806883,,,20394751,N2domain_G3P,Enterobacteria_phage_M13
1G3P,A,P69168,144,162,R,V,15,7,,,0.908221797,,,20394751,N2domain_G3P,Enterobacteria_phage_M13
1G3P,A,P69168,145,163,Q,N,15,7,,,0.621414914,,,20394751,N2domain_G3P,Enterobacteria_phage_M13
1G3P,A,P69168,147,165,A,K,15,7,,,-0.382409178,,,20394751,N2domain_G3P,Enterobacteria_phage_M13
1GLU,A,P06536,500,500,C,A,25,6.5,,,-1.08,,,12051939,GR-DBD78,Rattus_norvegicus
1GUA,B,P04049,82,82,L,I,8,7.5,,,-1.6,,,15222756,raf_rbd,human
1GUA,B,P04049,82,82,L,V,8,7.5,,,-1.7,,,15222756,raf_rbd,human
1GUA,B,P04049,82,82,L,A,8,7.5,,,-4.15,,,15222756,raf_rbd,human
1GUA,B,P04049,56,56,N,M,25,7,,,0.270873168,,,17137592,Raf_RBD,Homo_sapiens
1GUA,B,P04049,58,58,I,A,25,7,,,-3.274378585,,,17137592,Raf_RBD,Homo_sapiens
1GUA,B,P04049,58,58,I,L,25,7,,,-0.771191842,,,17137592,Raf_RBD,Homo_sapiens
1GUA,B,P04049,58,58,I,F,25,7,,,-1.298597833,,,17137592,Raf_RBD,Homo_sapiens
1GUA,B,P04049,59,59,R,A,25,7,,,0.178457616,,,17137592,Raf_RBD,Homo_sapiens
1GUA,B,P04049,60,60,V,A,25,7,,,-2.251434034,,,17137592,Raf_RBD,Homo_sapiens
1GUA,B,P04049,62,62,L,A,25,7,,,-3.460006373,,,17137592,Raf_RBD,Homo_sapiens
1GUA,B,P04049,63,63,P,A,25,7,,,-1.708094328,,,17137592,Raf_RBD,Homo_sapiens
1GUA,B,P04049,64,64,N,A,25,7,,,-1.140057361,,,17137592,Raf_RBD,Homo_sapiens
1GUA,B,P04049,66,66,Q,A,25,7,,,-0.503505417,,,17137592,Raf_RBD,Homo_sapiens
1GUA,B,P04049,68,68,T,A,25,7,,,-0.109145953,,,17137592,Raf_RBD,Homo_sapiens
1GUA,B,P04049,69,69,V,A,25,7,,,-1.116156788,,,17137592,Raf_RBD,Homo_sapiens
1GUA,B,P04049,70,70,V,A,25,7,,,-1.770235819,,,17137592,Raf_RBD,Homo_sapiens
1GUA,B,P04049,72,72,V,A,25,7,,,-1.052421925,,,17137592,Raf_RBD,Homo_sapiens
1GUA,B,P04049,72,72,V,I,25,7,,,-0.863607393,,,17137592,Raf_RBD,Homo_sapiens
1GUA,B,P04049,76,76,M,A,25,7,,,-0.960803059,,,17137592,Raf_RBD,Homo_sapiens
1GUA,B,P04049,77,77,S,A,25,7,,,-1.572657744,,,17137592,Raf_RBD,Homo_sapiens
1GUA,B,P04049,77,77,S,T,25,7,,,0.580783939,,,17137592,Raf_RBD,Homo_sapiens
1GUA,B,P04049,78,78,L,A,25,7,,,-3.802581262,,,17137592,Raf_RBD,Homo_sapiens
1GUA,B,P04049,80,80,D,A,25,7,,,-0.493148502,,,17137592,Raf_RBD,Homo_sapiens
1GUA,B,P04049,81,81,C,A,25,7,,,0.282823454,,,17137592,Raf_RBD,Homo_sapiens
1GUA,B,P04049,81,81,C,I,25,7,,,-0.912205226,,,17137592,Raf_RBD,Homo_sapiens
1GUA,B,P04049,82,82,L,A,25,7,,,-3.529318037,,,17137592,Raf_RBD,Homo_sapiens
1GUA,B,P04049,85,85,A,G,25,7,,,-2.148661568,,,17137592,Raf_RBD,Homo_sapiens
1GUA,B,P04049,86,86,L,A,25,7,,,-3.225780752,,,17137592,Raf_RBD,Homo_sapiens
1GUA,B,P04049,89,89,R,L,25,7,,,1.07791587,,,17137592,Raf_RBD,Homo_sapiens
1GUA,B,P04049,91,91,L,A,25,7,,,-1.575047801,,,17137592,Raf_RBD,Homo_sapiens
1GUA,B,P04049,93,93,P,A,25,7,,,-0.082058636,,,17137592,Raf_RBD,Homo_sapiens
1GUA,B,P04049,95,95,C,A,25,7,,,-0.079668579,,,17137592,Raf_RBD,Homo_sapiens
1GUA,B,P04049,96,96,C,A,25,7,,,-1.759082218,,,17137592,Raf_RBD,Homo_sapiens
1GUA,B,P04049,96,96,C,L,25,7,,,-0.043021033,,,17137592,Raf_RBD,Homo_sapiens
1GUA,B,P04049,96,96,C,M,25,7,,,-0.336998088,,,17137592,Raf_RBD,Homo_sapiens
1GUA,B,P04049,97,97,A,G,25,7,,,-0.862810707,,,17137592,Raf_RBD,Homo_sapiens
1GUA,B,P04049,98,98,V,A,25,7,,,-1.980560867,,,17137592,Raf_RBD,Homo_sapiens
1GUA,B,P04049,100,100,R,A,25,7,,,-0.693116635,,,17137592,Raf_RBD,Homo_sapiens
1GUA,B,P04049,104,104,E,A,25,7,,,0.02071383,,,17137592,Raf_RBD,Homo_sapiens
1GUA,B,P04049,109,109,K,A,25,7,,,-0.327437859,,,17137592,Raf_RBD,Homo_sapiens
1GUA,B,P04049,112,112,L,A,25,7,,,-2.593212237,,,17137592,Raf_RBD,Homo_sapiens
1GUA,B,P04049,117,117,D,A,25,7,,,-0.705863607,,,17137592,Raf_RBD,Homo_sapiens
1GUA,B,P04049,118,118,A,G,25,7,,,-1.963033779,,,17137592,Raf_RBD,Homo_sapiens
1GUA,B,P04049,118,118,A,L,25,7,,,-1.951083493,,,17137592,Raf_RBD,Homo_sapiens
1GUA,B,P04049,121,121,L,A,25,7,,,-2.534257489,,,17137592,Raf_RBD,Homo_sapiens
1GUA,B,P04049,124,124,E,A,25,7,,,-0.101179095,,,17137592,Raf_RBD,Homo_sapiens
1GUA,B,P04049,125,125,E,A,25,7,,,-0.591140854,,,17137592,Raf_RBD,Homo_sapiens
1GUA,B,P04049,126,126,L,A,25,7,,,-3.405035054,,,17137592,Raf_RBD,Homo_sapiens
1GUA,B,P04049,128,128,V,A,25,7,,,-3.368387508,,,17137592,Raf_RBD,Homo_sapiens
1GUA,B,P04049,129,129,D,A,25,7,,,-0.85484385,,,17137592,Raf_RBD,Homo_sapiens
1HCQ,A,P03372,67,245,C,A,25,6.5,,,-2.09,,,12051939,ER-DBD,human
1HCQ,A,P03372,67,245,C,S,25,6.5,,,-1.99,,,12051939,ER-DBD,human
1IV7,B,P02882,141,41,C,A,25,8,,,0.5,,,28714672,MONELLIN,Dioscoreophyllum_cumminsii
1IV7,B,P02882,173,73,A,C,25,8,,,0.5,,,28714672,MONELLIN,Dioscoreophyllum_cumminsii
1IV7,B,P02882,119,19,A,C,25,8,,,-0.7,,,28714672,MONELLIN,Dioscoreophyllum_cumminsii
1IV7,B,P02882,162,62,L,C,25,8,,,-1.9,,,28714672,MONELLIN,Dioscoreophyllum_cumminsii
1IV7,B,P02882,189,89,F,C,25,8,,,-2.5,,,28714672,MONELLIN,Dioscoreophyllum_cumminsii
1IV7,B,P02882,132,32,L,A,25,8,,,-2,,,28714672,MONELLIN,Dioscoreophyllum_cumminsii
1J8I,A,P47992,9,30,R,A,25,6,,,-0.1,,,23102260,LTN10,human
1J8I,A,P47992,23,44,R,A,25,6,,,0.8,,,23102260,LTN10,human
1J8I,A,P47992,25,46,K,A,25,6,,,0.1,,,23102260,LTN10,human
1J8I,A,P47992,35,56,R,A,25,6,,,-0.1,,,23102260,LTN10,human
1J8I,A,P47992,43,64,R,A,25,6,,,0.7,,,23102260,LTN10,human
1J8I,A,P47992,66,87,K,A,25,6,,,0.1,,,23102260,LTN10,human
1JL9,A,P01133,25,995,A,C,22,8.4,,,-1.44,,,16274250,EGF,human
1JLV,A,Q7KIF2,64,64,E,Q,42,6.5,,,-2.301625239,,,17100654,glutathione_transferases,Anopheles_dirus
1JLV,A,Q7KIF2,64,64,E,D,42,6.5,,,-1.161567878,,,17100654,glutathione_transferases,Anopheles_dirus
1JLV,A,Q7KIF2,64,64,E,N,42,6.5,,,-2.304015296,,,17100654,glutathione_transferases,Anopheles_dirus
1L6H,A,Q10ST8,39,66,F,A,25,7,,,-1.696940727,,,17729272,nsLTP2,rice
1L6H,A,Q10ST8,45,72,Y,A,25,7,,,-0.549713193,,,17729272,nsLTP2,rice
1L6H,A,Q10ST8,48,75,Y,A,25,7,,,-1.481835564,,,17729272,nsLTP2,rice
1LVM,A,P04517,45,2082,K,F,25,8,,,0.43,,,17905838,TEV_protease,Tobacco_etch_virus
1LVM,A,P04517,56,2093,L,V,25,8,,,0,,,17905838,TEV_protease,Tobacco_etch_virus
1LVM,A,P04517,58,2095,Q,F,25,8,,,0.6,,,17905838,TEV_protease,Tobacco_etch_virus
1LVM,A,P04517,106,2143,E,G,25,8,,,1.4,,,17905838,TEV_protease,Tobacco_etch_virus
1LVM,A,P04517,135,2172,S,G,25,8,,,0,,,17905838,TEV_protease,Tobacco_etch_virus
1NMV,A,Q13526,11,11,W,L,25,7,,,1,,,25837727,Pin-1,human
1NMV,A,Q13526,34,34,W,L,25,7,,,-1.19,,,25837727,Pin-1,human
1NMV,A,Q13526,73,73,W,L,25,7,,,-0.478,,,25837727,Pin-1,human
1O6X,A,P48052,12,27,V,A,25,7,,,-1.45,,,9799641,ADA2h,Homo_sapiens
1O6X,A,P48052,14,29,E,A,25,7,,,-0.35,,,9799641,ADA2h,Homo_sapiens
1O6X,A,P48052,15,30,I,V,25,7,,,-0.465,,,9799641,ADA2h,Homo_sapiens
1O6X,A,P48052,20,35,E,G,25,7,,,-1.21,,,9799641,ADA2h,Homo_sapiens
1O6X,A,P48052,23,38,I,V,25,7,,,0.16,,,9799641,ADA2h,Homo_sapiens
1O6X,A,P48052,26,41,L,V,25,7,,,-1.135,,,9799641,ADA2h,Homo_sapiens
1O6X,A,P48052,31,46,A,G,25,7,,,-0.85,,,9799641,ADA2h,Homo_sapiens
1O6X,A,P48052,38,53,D,A,25,7,,,0.18,,,9799641,ADA2h,Homo_sapiens
1O6X,A,P48052,39,54,F,L,25,7,,,-1.99,,,9799641,ADA2h,Homo_sapiens
1O6X,A,P48052,41,56,K,A,25,7,,,-2.14,,,9799641,ADA2h,Homo_sapiens
1O6X,A,P48052,50,65,A,G,25,7,,,-1.55,,,9799641,ADA2h,Homo_sapiens
1O6X,A,P48052,51,66,H,A,25,7,,,-0.705,,,9799641,ADA2h,Homo_sapiens
1O6X,A,P48052,52,67,V,A,25,7,,,-1.09,,,9799641,ADA2h,Homo_sapiens
1O6X,A,P48052,58,73,N,A,25,7,,,-0.24,,,9799641,ADA2h,Homo_sapiens
1O6X,A,P48052,60,75,Q,G,25,7,,,-0.445,,,9799641,ADA2h,Homo_sapiens
1O6X,A,P48052,64,79,V,G,25,7,,,-0.8,,,9799641,ADA2h,Homo_sapiens
1O6X,A,P48052,65,80,F,A,25,7,,,-1.29,,,9799641,ADA2h,Homo_sapiens
1O6X,A,P48052,71,86,I,V,25,7,,,-1.405,,,9799641,ADA2h,Homo_sapiens
1O6X,A,P48052,73,88,Y,L,25,7,,,-2.94,,,9799641,ADA2h,Homo_sapiens
1O6X,A,P48052,75,90,I,A,25,7,,,-1.605,,,9799641,ADA2h,Homo_sapiens
1PRG,A,P37231,286,314,Q,P,10,8,,,-0.3,,,28208577,PPAR_gamma,human
1PRG,A,P37231,288,316,R,H,10,8,,,0.06,,,28208577,PPAR_gamma,human
1PRG,A,P37231,290,318,V,M,10,8,,,0.03,,,28208577,PPAR_gamma,human
1PRG,A,P37231,357,385,R,A,10,8,,,0.19,,,28208577,PPAR_gamma,human
1PRG,A,P37231,360,388,F,L,10,8,,,-0.4,,,28208577,PPAR_gamma,human
1PRG,A,P37231,467,495,P,L,10,8,,,0.11,,,28208577,PPAR_gamma,human
1PRG,A,P37231,460,488,E,K,10,8,,,-0.17,,,28208577,PPAR_gamma,human
2ARF,A,P35670,1069,1069,H,Q,20,7,,,-0.717017208,,,18692069,Wilson_ATPase_N-domain,human
2CLR,B,P61769,13,33,H,F,25,7.4,,,0.119502868,,,12186550,BETA_2-MICROGLOBULIN,human
2CLR,B,P61769,31,51,H,F,25,7.4,,,2.605162524,,,12186550,BETA_2-MICROGLOBULIN,human
2CLR,B,P61769,51,71,H,F,25,7.4,,,-1.912045889,,,12186550,BETA_2-MICROGLOBULIN,human
2CLR,B,P61769,84,104,H,A,25,7.4,,,-2.629063098,,,12186550,BETA_2-MICROGLOBULIN,human
2H3F,A,P12497,12,12,E,A,25,7,,,1.07,,,27907055,P17_matrix_protein,hiv1
2JOF,1,none,9,9,D,E,27,7,,,-0.291586998,,,21222485,TC10b,designed
2JOF,1,none,16,16,R,K,27,7,,,-0.56166348,,,21222485,TC10b,designed
2JOF,1,none,9,9,D,E,27,2.5,,,-0.043021033,,,21222485,TC10b,designed
2JOF,1,none,19,19,P,A,27,7,,,-2.820267686,,,25184759,TC10b,designed
2JOF,1,none,14,14,S,A,27,7,,,-1.434034417,,,25184759,TC10b,designed
2JOF,1,none,17,17,P,A,27,7,,,-0.645315488,,,25184759,TC10b,designed
2JOF,1,none,18,18,P,A,27,7,,,-0.239005736,,,25184759,TC10b,designed
2JOF,1,none,14,14,S,A,47,7,,,-1.290630975,,,25184759,TC10b,designed
2JOF,1,none,17,17,P,A,47,7,,,-0.501912046,,,25184759,TC10b,designed
2JOF,1,none,18,18,P,A,47,7,,,-0.358508604,,,25184759,TC10b,designed
2JUC,A,Q06525,18,225,R,A,25,5.7,,,-1.75,,,29132128,URN1_FF_DOMAIN,Saccharomyces_cerevisiae
2JUC,A,Q06525,57,264,C,D,25,5.7,,,-2.55,,,29132128,URN1_FF_DOMAIN,Saccharomyces_cerevisiae
2JUC,A,Q06525,57,264,C,S,25,5.7,,,-0.71,,,29132128,URN1_FF_DOMAIN,Saccharomyces_cerevisiae
2N7Z,A,O43353,88,521,P,A,25,8,,,-0.6,,,16501221,CARD_RICK,human
2NTE,A,Q99728,658,658,R,C,10,7.5,,,-2.3,,,26307947,BARD1_BRCT_568-777,human
2NTE,A,Q99728,738,738,I,V,10,7.5,,,-2,,,26307947,BARD1_BRCT_568-777,human
2PR5,B,O34627,22,22,H,K,25,7.9,,,0.3,,,23861663,FbFP,Bacillus_subtilis
2PR5,B,O34627,22,22,H,W,25,7.9,,,1.2,,,23861663,FbFP,Bacillus_subtilis
2PR5,B,O34627,25,25,V,I,25,7.9,,,0.4,,,23861663,FbFP,Bacillus_subtilis
2PR5,B,O34627,30,30,T,M,25,7.9,,,0.5,,,23861663,FbFP,Bacillus_subtilis
2PR5,B,O34627,33,33,A,Y,25,7.9,,,0.5,,,23861663,FbFP,Bacillus_subtilis
2PR5,B,O34627,50,50,T,M,25,7.9,,,-0.5,,,23861663,FbFP,Bacillus_subtilis
2PR5,B,O34627,54,54,T,Y,25,7.9,,,0.2,,,23861663,FbFP,Bacillus_subtilis
2PR5,B,O34627,81,81,A,M,25,7.9,,,-0.4,,,23861663,FbFP,Bacillus_subtilis
2PR5,B,O34627,88,88,V,L,25,7.9,,,-0.2,,,23861663,FbFP,Bacillus_subtilis
2PR5,B,O34627,90,90,V,I,25,7.9,,,-0.7,,,23861663,FbFP,Bacillus_subtilis
2PR5,B,O34627,107,107,N,F,25,7.9,,,0.9,,,23861663,FbFP,Bacillus_subtilis
2PR5,B,O34627,107,107,N,Y,25,7.9,,,0.8,,,23861663,FbFP,Bacillus_subtilis
2PR5,B,O34627,109,109,D,E,25,7.9,,,0.3,,,23861663,FbFP,Bacillus_subtilis
2PR5,B,O34627,111,111,M,F,25,7.9,,,2.9,,,23861663,FbFP,Bacillus_subtilis
2PR5,B,O34627,120,120,V,I,25,7.9,,,1.4,,,23861663,FbFP,Bacillus_subtilis
2PR5,B,O34627,124,124,N,F,25,7.9,,,1.1,,,23861663,FbFP,Bacillus_subtilis
2PR5,B,O34627,124,124,N,Y,25,7.9,,,2.6,,,23861663,FbFP,Bacillus_subtilis
2Q98,A,P01236,138,166,H,A,25,5.8,,,2.04,,,19384991,prolactin,human
2Q98,A,P01236,138,166,H,A,25,7.8,,,0.58,,,19384991,prolactin,human
2Q98,A,P01236,173,201,H,A,25,5.8,,,0.24,,,19384991,prolactin,human
2Q98,A,P01236,173,201,H,A,25,7.8,,,-0.35,,,19384991,prolactin,human
2Q98,A,P01236,180,208,H,A,25,5.8,,,1.39,,,19384991,prolactin,human
2Q98,A,P01236,180,208,H,A,25,7.8,,,-0.04,,,19384991,prolactin,human
2Q98,A,P01236,195,223,H,A,25,5.8,,,-0.03,,,19384991,prolactin,human
2Q98,A,P01236,195,223,H,A,25,7.8,,,0.12,,,19384991,prolactin,human
2Q98,A,P01236,27,55,H,A,25,5.8,,,0.09,,,19384991,prolactin,human
2Q98,A,P01236,27,55,H,A,25,7.8,,,1.29,,,19384991,prolactin,human
2Q98,A,P01236,30,58,H,A,25,5.8,,,3.1,,,19384991,prolactin,human
2Q98,A,P01236,30,58,H,A,25,7.8,,,2.05,,,19384991,prolactin,human
2Q98,A,P01236,46,74,H,A,25,5.8,,,-0.11,,,19384991,prolactin,human
2Q98,A,P01236,46,74,H,A,25,7.8,,,1.55,,,19384991,prolactin,human
2Q98,A,P01236,59,87,H,A,25,5.8,,,2.26,,,19384991,prolactin,human
2Q98,A,P01236,59,87,H,A,25,7.8,,,-0.02,,,19384991,prolactin,human
2Q98,A,P01236,97,125,H,A,25,5.8,,,1.07,,,19384991,prolactin,human
2Q98,A,P01236,97,125,H,A,25,7.8,,,0.33,,,19384991,prolactin,human
3C2I,A,P51608,158,158,T,M,25,7.5,,,-0.25,,,26418480,MeCP2_MBD,Homo_sapiens
3C2I,A,P51608,133,133,R,C,25,7.5,,,-0.365,,,26418480,MeCP2_MBD,Homo_sapiens
3C2I,A,P51608,106,106,R,W,25,7.5,,,-0.04,,,26418480,MeCP2_MBD,Homo_sapiens
3C2I,A,P51608,152,152,P,R,25,7.5,,,-1.46,,,26418480,MeCP2_MBD,Homo_sapiens
3C2I,A,P51608,134,134,S,C,25,7.5,,,-1.045,,,26418480,MeCP2_MBD,Homo_sapiens
3C2I,A,P51608,106,106,R,Q,25,7.5,,,-0.12,,,26418480,MeCP2_MBD,Homo_sapiens
3C2I,A,P51608,156,156,D,E,25,7.5,,,-0.875,,,26418480,MeCP2_MBD,Homo_sapiens
3C2I,A,P51608,133,133,R,H,25,7.5,,,-0.235,,,26418480,MeCP2_MBD,Homo_sapiens
3C2I,A,P51608,100,100,L,V,25,7.5,,,-1.105,,,26418480,MeCP2_MBD,Homo_sapiens
3C2I,A,P51608,155,155,F,S,25,7.5,,,-0.43,,,26418480,MeCP2_MBD,Homo_sapiens
3C2I,A,P51608,158,158,T,A,25,7.5,,,-0.47,,,26418480,MeCP2_MBD,Homo_sapiens
3C2I,A,P51608,111,111,R,G,25,7.5,,,0.425,,,26418480,MeCP2_MBD,Homo_sapiens
3D2C,A,P37957,134,165,M,E,25,7.2,,,0.66,,,19472328,lipase,bacillus_subtilis
3D2C,A,P37957,137,168,M,P,25,7.2,,,0.98,,,19472328,lipase,bacillus_subtilis
3D2C,A,P37957,163,194,S,P,25,7.2,,,-0.25,,,19472328,lipase,bacillus_subtilis
3FFN,A,P06396,187,214,D,N,25,7,,,-0.9,,,29637772,Gelsolin,human
4BUQ,A,A2IC68,48,57,Y,A,25,7.4,,,-1.435,,,28250938,FimH,Escherichia_coli
4BUQ,A,A2IC68,137,146,Y,A,25,7.4,,,0.89,,,28250938,FimH,Escherichia_coli
4HE7,A,P56552,19,19,A,D,25,7.6,,,-0.24,,,27616457,Brazzein,Pentadiplandra_brazzeana
4HE7,A,P56552,19,19,A,K,25,7.6,,,-0.46,,,27616457,Brazzein,Pentadiplandra_brazzeana
4HE7,A,P56552,19,19,A,G,25,7.6,,,0.06,,,27616457,Brazzein,Pentadiplandra_brazzeana
5VP3,A,E0WVU4,39,39,R,K,25,8,,,0.413479924,,,26803749,mnemiopsin,Mnemiopsis_leidyi
5VP3,A,E0WVU4,128,128,S,G,25,8,,,-0.377629063,,,26803749,mnemiopsin,Mnemiopsis_leidyi
5VP3,A,E0WVU4,183,183,V,T,25,8,,,0.353728489,,,26803749,mnemiopsin,Mnemiopsis_leidyi