PDB,Chain,,PDB Position,SEQ Position,Wild,Mutant,Condition T,Condition pH,,,G (kcal/mol) positive is stable,,Wild,Mutant,PubMed,,SolventAcc,Volume Change
1QIR,A,,191,180,Y,C,25,7.5,,,2.3,,TYR,CYS,10708649,,7.7,-106.6
1QIS,A,,191,180,F,C,25,7.5,,,1.6,,PHE,CYS,10708649,,9.3,-99.2
1QIT,A,,191,180,W,C,25,7.5,,,3.9,,TRP,CYS,10708649,,7.9,-130
1B4X,A,,191,180,S,C,25,7.5,,,1.9,,SER,CYS,10708649,,3.8,7.5
1BRG,A,,7,5,L,F,25,6.2,,,4.1,,LEU,PHE,3386721,,19.2,33.7
1BRH,A,,14,14,A,L,25,6.3,,,4.5,,ALA,LEU,1569557,,1.6,80
1BNS,A,,26,26,A,T,25,6.3,,,1.7,,ALA,THR,1569557,,13.7,41
1BSA,A,,51,51,V,I,25,6.3,,,1.1,,VAL,ILE,1569557,,0.6,20.4
1BRI,A,,76,76,A,I,25,6.3,,,1.7,,ALA,ILE,1569557,,0,72.6
1BSB,A,,76,76,V,I,25,6.3,,,1,,VAL,ILE,1569557,,0,20.4
1BAO,A,,78,78,F,Y,25,6.3,,,1.1,,PHE,TYR,1569557,,3.2,7.4
1BRJ,A,,88,88,A,I,25,6.3,,,4,,ALA,ILE,1569557,,0.3,72.6
1BSC,A,,88,88,V,I,25,6.3,,,1.6,,VAL,ILE,1569557,,0,20.4
1BSE,A,,89,89,V,L,25,6.3,,,0.5,,VAL,LEU,1569557,,0,27.7
1BAN,A,,91,91,A,S,25,6.3,,,2.4,,ALA,SER,1569557,,1.2,6.9
1BRK,A,,96,96,A,I,25,6.3,,,3.2,,ALA,ILE,1569557,,2,72.6
1BSD,A,,96,96,V,I,25,6.3,,,3.1,,VAL,ILE,1569557,,0.5,20.4
1E6K,A,,12,13,A,D,25,7,,,-2.5,,ALA,ASP,11023787,,0.7,41
1E6L,A,,13,11,A,D,25,7,,,-2.7,,ALA,ASP,11023787,,18.5,41
1E6M,A,,57,56,A,D,25,7,,,-3.3,,ALA,ASP,11023787,,7.4,41
2EXZ,A,,22,22,C,T,20,7,,,0.9,,CYS,THR,7577991,,6.2,26.5
2EY1,A,,22,22,V,T,20,7,,,0.9,,VAL,THR,7577991,,7.2,-11.3
2F0E,A,,23,23,L,V,20,7,,,0.1,,LEU,VAL,11705391,,0.2,-27.7
2F0F,A,,25,25,I,L,20,7,,,1.7,,ILE,LEU,11705391,,0,7.3
1EY5,A,,33,33,V,T,20,7,,,-0.4,,VAL,THR,7577991,,26.7,-11.3
2EY2,A,,41,41,C,T,20,7,,,-0.6,,CYS,THR,7577991,,7.2,26.5
1EY6,A,,41,41,I,T,20,7,,,-0.7,,ILE,THR,11023780,,3.9,-31.6
2EY5,A,,41,41,S,T,20,7,,,1.1,,SER,THR,7577991,,6.5,34
2EY6,A,,41,41,V,T,20,7,,,-0.8,,VAL,THR,7577991,,4.1,-11.3
2EYF,A,,44,44,V,T,20,7,,,-0.1,,VAL,THR,7577991,,26.1,-11.3
1EY4,A,,59,59,A,S,20,7,,,-0.5,,ALA,SER,11023780,,17.1,6.9
2EYH,A,,62,62,S,T,20,7,,,2.1,,SER,THR,7577991,,6.9,34
2EYJ,A,,62,62,V,T,20,7,,,0.2,,VAL,THR,7577991,,0,-11.3
2F0G,A,,66,66,I,V,20,7,,,1,,ILE,VAL,11705391,,3.6,-20.4
2F0H,A,,66,66,L,V,20,7,,,0.3,,LEU,VAL,11705391,,2.2,-27.7
2SNM,A,,66,66,K,V,20,7,,,7.5,,LYS,VAL,1920420,,1.5,-27.7
2F0I,A,,72,72,L,I,20,7,,,0.2,,LEU,ILE,11705391,,8,-7.3
2F0J,A,,72,72,V,I,20,7,,,1.2,,VAL,ILE,11705391,,8.1,20.4
2EYL,A,,82,82,S,T,20,7,,,0.7,,SER,THR,7577991,,52.8,34
2F0D,A,,92,92,V,I,20,7,,,0.4,,VAL,ILE,11705391,,0.7,20.4
1KAB,A,,116,111,G,K,20,7,,,-1,,GLY,LYS,8639591,,39.3,102.2
1SYG,A,,117,117,A,P,20,7,,,-0.8,,ALA,PRO,1610820,,46.3,41
1SYC,A,,117,117,G,P,20,7,,,-0.9,,GLY,PRO,1610820,,38.1,63.2
1SYE,A,,117,117,T,P,0,7,,,-1.1,,THR,PRO,8448112,,42.8,0
2EYM,A,,120,120,C,T,20,7,,,1.7,,CYS,THR,7577991,,36.7,26.5
2EYO,A,,120,120,S,T,20,7,,,0.6,,SER,THR,7577991,,38.6,34
2EYP,A,,120,120,V,T,20,7,,,1.8,,VAL,THR,7577991,,35.4,-11.3
1EY7,A,,128,128,A,S,20,7,,,-0.7,,ALA,SER,11023780,,6.4,6.9
1MX2,A,,71,71,N,F,23,7.5,,,-0.7,,ASN,PHE,12370184,,7.1,67.7
1MX4,A,,82,82,Q,F,23,7.5,,,0.4,,GLN,PHE,12370184,,32,45.8
1MX6,A,,92,92,N,F,23,7.5,,,1.1,,ASN,PHE,12370184,,27.1,67.7
1HIB,A,,9,9,G,T,25,6.5,,,2.6,,GLY,THR,8394358,,0,63.2
245L,A,,6,6,A,M,44,3,,,1.9,,ALA,MET,9514271,,0.4,73.8
230L,A,,6,6,L,M,44,3,,,2.8,,LEU,MET,9541409,,0.7,-6.1
1QT6,A,,11,11,H,E,65,5.4,,,-0.1,,HIS,GLU,26325080,,20.7,-5.9
1QT7,A,,11,11,N,E,65,5.4,,,0.1,,ASN,GLU,26325080,,21.1,21.9
239L,A,,17,17,A,I,44,3,,,2.7,,ALA,ILE,9514271,,11.6,72.6
253L,A,,20,20,A,D,65,5.4,,,0.3,,ALA,ASP,26325080,,24.5,41
255L,A,,20,20,N,D,65,5.4,,,-1.3,,ASN,ASP,26325080,,30.9,-5
254L,A,,20,20,S,D,65,5.4,,,-0.7,,SER,ASP,26325080,,24.1,34
240L,A,,27,27,A,I,44,3,,,3.1,,ALA,ILE,9514271,,0,72.6
1D2W,A,,27,27,M,I,65,5.4,,,3.1,,MET,ILE,10545167,,0,-1.2
241L,A,,29,29,A,I,44,3,,,2.6,,ALA,ILE,9514271,,2.1,72.6
1L61,A,,38,38,N,S,62,6.7,,,0,,ASN,SER,1911773,,50.1,-39.1
120L,A,,41,41,S,A,52,3,,,0.6,,SER,ALA,8218201,,31.4,-6.9
1QTB,A,,42,42,V,A,40,3,,,2.7,,VAL,ALA,10623513,,0,-52.3
206L,A,,42,42,S,A,52,3,,,2.3,,SER,ALA,8218201,,0,-6.9
1L66,A,,43,43,A,K,62,6.7,,,1,,ALA,LYS,1570293,,21.6,80
1L68,A,,44,44,A,S,62,6.7,,,-0.3,,ALA,SER,1570293,,46.9,6.9
108L,A,,44,44,I,S,52,3,,,-0.3,,ILE,SER,8289284,,60.5,-65.7
110L,A,,44,44,L,S,52,3,,,-0.4,,LEU,SER,8289284,,55.5,-73
109L,A,,44,44,K,S,52,3,,,-0.2,,LYS,SER,8289284,,55.1,-73
217L,A,,44,44,E,S,52,3,,,0,,GLU,SER,8289284,,60.5,-60.9
107L,A,,44,44,G,S,52,3,,,0.5,,GLY,SER,8289284,,43.6,29.2
113L,A,,44,44,R,S,52,3,,,-0.2,,ARG,SER,8289284,,60.4,-74.3
111L,A,,44,44,N,S,52,3,,,0.1,,ASN,SER,8289284,,61.8,-39.1
137L,A,,44,44,F,S,52,3,,,-0.1,,PHE,SER,8289284,,56.7,-106.7
112L,A,,44,44,P,S,52,3,,,3,,PRO,SER,8289284,,45.3,-34
114L,A,,44,44,T,S,52,3,,,0,,THR,SER,8289284,,60.3,-34
115L,A,,44,44,V,S,52,3,,,-0.1,,VAL,SER,8289284,,57.8,-45.3
1L67,A,,46,46,A,L,62,6.7,,,1.9,,ALA,LEU,1570293,,1,80
1L65,A,,47,47,A,D,62,6.7,,,1,,ALA,ASP,1570293,,19.5,41
221L,A,,49,49,S,A,52,3,,,0.5,,SER,ALA,8218201,,38.5,-6.9
242L,A,,50,50,A,I,44,3,,,2,,ALA,ILE,9514271,,22.5,72.6
1D2Y,A,,50,50,M,I,65,5.4,,,0.4,,MET,ILE,10545167,,19.1,-1.2
243L,A,,58,58,A,I,44,3,,,3.2,,ALA,ILE,9514271,,2.3,72.6
1G1V,A,,58,58,T,I,65,5.4,,,3.4,,THR,ILE,11316887,,3.5,31.6
1LYJ,A,,59,59,A,T,63,6.5,,,1.5,,ALA,THR,1567817,,32.3,41
1LYI,A,,59,59,D,T,63,6.5,,,1.2,,ASP,THR,1567817,,47.7,0
1LYH,A,,59,59,G,T,63,6.5,,,1.6,,GLY,THR,1567817,,27.7,63.2
1LYG,A,,59,59,N,T,63,6.5,,,1.1,,ASN,THR,1567817,,44.2,-5
1LYF,A,,59,59,S,T,63,6.5,,,0.2,,SER,THR,1567817,,37.9,34
1LYE,A,,59,59,V,T,63,6.5,,,1.5,,VAL,THR,1567817,,48.8,-11.3
1D3J,A,,66,66,M,L,65,5.4,,,1,,MET,LEU,10545167,,4.3,6.1
246L,A,,67,67,A,F,44,3,,,1.9,,ALA,PHE,9514271,,6,113.7
1L76,A,,72,72,P,D,63,6.5,,,2.7,,PRO,ASP,1733941,,30.4,0
122L,A,,73,73,S,A,52,3,,,0.4,,SER,ALA,8218201,,41.9,-6.9
127L,A,,75,75,T,V,52,3,,,1.3,,THR,VAL,8218201,,20.1,11.3
1CTW,A,,78,78,A,I,65,5.4,,,1.2,,ALA,ILE,10545167,,0,72.6
1CU0,A,,78,78,M,I,65,5.4,,,1.5,,MET,ILE,10545167,,0,-1.2
1P2R,A,,78,78,V,I,61,5.4,,,0.8,,VAL,ILE,12963380,,0,20.4
123L,A,,82,82,S,A,52,3,,,0.3,,SER,ALA,8218201,,75.3,-6.9
247L,A,,84,84,A,L,44,3,,,2.6,,ALA,LEU,9514271,,5.2,80
1CU2,A,,84,84,M,L,65,5.4,,,1.9,,MET,LEU,10545167,,0,6.1
236L,A,,87,87,A,V,44,3,,,1.7,,ALA,VAL,9514271,,0.3,52.3
1CU3,A,,87,87,M,V,65,5.4,,,2.3,,MET,VAL,10545167,,0,-21.6
1P2L,A,,87,87,I,V,61,5.4,,,0.3,,ILE,VAL,12963380,,3.3,-20.4
128L,A,,87,87,T,V,52,3,,,1.6,,THR,VAL,8218201,,0,11.3
1CU6,A,,91,91,A,L,44,3,,,3.9,,ALA,LEU,9514271,,11.3,80
1CU5,A,,91,91,M,L,59,5.4,,,0.8,,MET,LEU,8901549,,3.2,6.1
1L55,A,,92,92,N,D,62,6.7,,,1.4,,ASN,ASP,1911773,,43.2,-5
224L,A,,93,93,S,A,52,3,,,0.2,,SER,ALA,8218201,,76.6,-6.9
1QSB,A,,98,98,C,A,40,3,,,1,,CYS,ALA,10623513,,0,-14.5
1QS5,A,,98,98,L,A,40,3,,,4.3,,LEU,ALA,10623513,,0,-80
125L,A,,98,98,S,A,52,3,,,2.5,,SER,ALA,8218201,,0,-6.9
1QS9,A,,98,98,V,A,40,3,,,3.2,,VAL,ALA,10623513,,0,-52.3
1L90,A,,99,99,A,L,65,5.7,,,4.5,,ALA,LEU,8433369,,15.1,80
1L91,A,,99,99,F,L,65,5.7,,,0.3,,PHE,LEU,8433369,,0,-33.7
1L92,A,,99,99,I,L,65,5.7,,,1.5,,ILE,LEU,8433369,,1.1,7.3
1L93,A,,99,99,M,L,65,5.7,,,0.6,,MET,LEU,8433369,,0.6,6.1
1L94,A,,99,99,V,L,65,5.7,,,2,,VAL,LEU,8433369,,2.4,27.7
244L,A,,100,100,A,I,44,3,,,3.4,,ALA,ILE,9514271,,2.6,72.6
1CUP,A,,100,100,M,I,65,5.4,,,1.6,,MET,ILE,10545167,,7,-1.2
1P36,A,,100,100,V,I,61,5.4,,,0.4,,VAL,ILE,12963380,,2.3,20.4
1I6S,A,,101,101,A,N,59,5.4,,,1.5,,ALA,ASN,11316887,,1.3,46
1L77,A,,102,102,L,M,61,5.4,,,1,,LEU,MET,12963380,,0.8,-6.1
238L,A,,103,103,A,V,44,3,,,2.2,,ALA,VAL,9514271,,5.8,52.3
1P7S,A,,103,103,I,V,61,5.4,,,0.5,,ILE,VAL,12963380,,8.7,-20.4
1CUQ,A,,103,103,M,V,65,5.4,,,1.2,,MET,VAL,10545167,,5.2,-21.6
1CV0,A,,104,104,M,F,65,5.4,,,0.4,,MET,PHE,10545167,,17,39.8
1G1W,A,,105,105,M,Q,59,5.4,,,1.2,,MET,GLN,11316887,,30.4,-5.9
1P46,A,,106,106,I,M,61,5.4,,,-0.2,,ILE,MET,12963380,,28.2,1.2
234L,A,,106,106,L,M,47,3,,,-0.5,,LEU,MET,9541409,,29.4,-6.1
231L,A,,106,106,K,M,47,3,,,3.4,,LYS,MET,9541409,,28.4,-6.1
1L62,A,,109,109,D,T,62,6.7,,,-0.6,,ASP,THR,1911773,,89.7,0
1L59,A,,109,109,N,T,62,6.7,,,-0.1,,ASN,THR,1911773,,80.8,-5
235L,A,,111,111,A,V,44,3,,,1.3,,ALA,VAL,9514271,,0.9,52.3
2L78,A,,111,111,I,V,61,5.4,,,0.9,,ILE,VAL,12963380,,1.1,-20.4
1CV1,A,,111,111,M,V,65,5.4,,,0.7,,MET,VAL,10545167,,1.4,-21.6
1TLA,A,,117,117,F,S,65,5.4,,,-1.1,,PHE,SER,8401213,,0.2,-106.7
1CVK,A,,118,118,A,L,65,5.4,,,3.2,,ALA,LEU,10545167,,19,80
1CV4,A,,118,118,M,L,65,5.4,,,0.7,,MET,LEU,10545167,,5.2,6.1
233L,A,,120,120,L,M,47,3,,,-0.5,,LEU,MET,9541409,,9.2,-6.1
232L,A,,120,120,K,M,47,3,,,1.6,,LYS,MET,9541409,,23.4,-6.1
1P6Y,A,,120,120,Y,M,61,5.4,,,0.1,,TYR,MET,12963380,,20,-47.2
1CV3,A,,121,121,M,L,65,5.4,,,0.8,,MET,LEU,10545167,,1.6,6.1
1QTC,A,,129,129,F,A,40,3,,,1.2,,PHE,ALA,10623513,,1.5,-113.7
1QTD,A,,129,129,W,A,40,3,,,2.2,,TRP,ALA,10623513,,0.1,-144.5
118L,A,,130,130,S,A,52,3,,,-1,,SER,ALA,8218201,,7.2,-6.9
1P64,A,,133,133,F,L,61,5.4,,,0.3,,PHE,LEU,12963380,,0,-33.7
1CV5,A,,133,133,M,L,59,5.4,,,0.4,,MET,LEU,8901549,,1,6.1
119L,A,,134,134,S,A,52,3,,,0.1,,SER,ALA,8218201,,28,-6.9
1L39,A,,144,144,E,N,65,6.5,,,-0.5,,GLU,ASN,1854726,,64.9,-21.9
237L,A,,149,149,A,V,44,3,,,3.2,,ALA,VAL,9514271,,0,52.3
1G07,A,,149,149,C,V,59,5.4,,,2,,CYS,VAL,11316887,,0,37.8
1G0P,A,,149,149,G,V,59,5.4,,,4.9,,GLY,VAL,11316887,,9.4,74.5
1G0Q,A,,149,149,I,V,59,5.4,,,0.1,,ILE,VAL,11316887,,0,-20.4
1CV6,A,,149,149,M,V,65,5.4,,,2.8,,MET,VAL,10545167,,0,-21.6
126L,A,,149,149,T,V,52,3,,,2.8,,THR,VAL,8218201,,0,11.3
1G06,A,,149,149,S,V,59,5.4,,,4.4,,SER,VAL,11316887,,0,45.3
1G0G,A,,152,152,A,T,59,5.4,,,1.5,,ALA,THR,11316887,,1.1,41
1G0K,A,,152,152,C,T,59,5.4,,,0.5,,CYS,THR,11316887,,0,26.5
1G0M,A,,152,152,I,T,59,5.4,,,0.4,,ILE,THR,11316887,,0,-31.6
1G0J,A,,152,152,S,T,59,5.4,,,2,,SER,THR,11316887,,0,34
1G0L,A,,152,152,V,T,59,5.4,,,-0.2,,VAL,THR,11316887,,0,-11.3
1L85,A,,153,153,A,F,65,5.7,,,3.8,,ALA,PHE,8433369,,5.6,113.7
1L86,A,,153,153,I,F,65,5.7,,,0.2,,ILE,PHE,8433369,,0.2,41.1
1L87,A,,153,153,L,F,65,5.7,,,-0.3,,LEU,PHE,8433369,,1.5,33.7
1L88,A,,153,153,M,F,65,5.7,,,0.6,,MET,PHE,8433369,,1.5,39.8
1L95,A,,153,153,V,F,65,5.7,,,1.8,,VAL,PHE,8433369,,1.5,61.4
1OUG,A,,2,2,A,V,65,2.7,,,1.5,,ALA,VAL,11087397,,64.7,52.3
1GAY,A,,2,2,G,V,65,2.7,,,1.3,,GLY,VAL,11087397,,68,74.5
1GF8,A,,2,2,S,V,65,2.7,,,1.4,,SER,VAL,11927576,,62,45.3
1GF9,A,,2,2,Y,V,65,2.7,,,0.4,,TYR,VAL,11927576,,66.3,-68.8
1GFA,A,,2,2,D,V,65,2.7,,,1.4,,ASP,VAL,11927576,,69.6,11.3
1GFE,A,,2,2,N,V,65,2.7,,,1.3,,ASN,VAL,11927576,,61.9,6.3
1GFG,A,,2,2,R,V,65,2.7,,,0.4,,ARG,VAL,11927576,,75.8,-29
1GB0,A,,2,2,L,V,65,2.7,,,-0.3,,LEU,VAL,11087397,,56.3,-27.7
1GB2,A,,2,2,M,V,65,2.7,,,0.2,,MET,VAL,11087397,,71.8,-21.6
1GB3,A,,2,2,F,V,65,2.7,,,0.8,,PHE,VAL,11087397,,62.4,-61.4
1WQN,A,,20,20,F,Y,65,2.7,,,0.5,,PHE,TYR,9649316,,20.1,7.4
2HEB,A,,23,23,A,I,65,2.7,,,2.5,,ALA,ILE,9398521,,8.9,72.6
1YAN,A,,23,23,V,I,65,2.7,,,0.4,,VAL,ILE,7473760,,7,20.4
1WQO,A,,38,38,F,Y,65,2.7,,,0.2,,PHE,TYR,9649316,,10.3,7.4
1WQP,A,,45,45,F,Y,65,2.7,,,-0.1,,PHE,TYR,9649316,,51.3,7.4
1LHL,A,,47,47,P,A,69,2.8,,,-0.1,,PRO,ALA,1643041,,68.9,-41
1WQQ,A,,54,54,F,Y,65,2.7,,,1,,PHE,TYR,9649316,,9.4,7.4
2HEC,A,,56,56,A,I,65,2.7,,,3.7,,ALA,ILE,9398521,,5.2,72.6
1OUA,A,,56,56,T,I,65,2.7,,,4.3,,THR,ILE,9010773,,0.5,31.6
1YAO,A,,56,56,V,I,65,2.7,,,1.2,,VAL,ILE,7473760,,1.4,20.4
2HED,A,,59,59,A,I,65,2.7,,,1.7,,ALA,ILE,9398521,,7.6,72.6
2HEE,A,,59,59,G,I,65,2.7,,,3.8,,GLY,ILE,9398521,,12.2,94.9
1YAP,A,,59,59,V,I,65,2.7,,,1.1,,VAL,ILE,7473760,,4.1,20.4
1WQR,A,,63,63,F,Y,65,2.7,,,0.2,,PHE,TYR,9649316,,46.2,7.4
1LHI,A,,71,71,G,P,69,2.8,,,1.6,,GLY,PRO,1643041,,61,63.2
1OUH,A,,74,74,A,V,65,2.7,,,0.4,,ALA,VAL,11087397,,47.4,52.3
1GB5,A,,74,74,G,V,65,2.7,,,0.1,,GLY,VAL,11087397,,38.5,74.5
1GB6,A,,74,74,I,V,65,2.7,,,1.9,,ILE,VAL,11087397,,58.9,-20.4
1GB7,A,,74,74,L,V,65,2.7,,,0.4,,LEU,VAL,11087397,,57.5,-27.7
1GB8,A,,74,74,M,V,65,2.7,,,0.4,,MET,VAL,11087397,,64.5,-21.6
1GB9,A,,74,74,F,V,65,2.7,,,0,,PHE,VAL,11087397,,61.7,-61.4
1GFH,A,,74,74,Y,V,65,2.7,,,0.3,,TYR,VAL,11927576,,68.2,-68.8
1GFJ,A,,74,74,D,V,65,2.7,,,0.4,,ASP,VAL,11927576,,69.1,11.3
1GFK,A,,74,74,N,V,65,2.7,,,0.3,,ASN,VAL,11927576,,65.4,6.3
1GFR,A,,74,74,R,V,65,2.7,,,0.1,,ARG,VAL,11927576,,81.3,-29
1B7S,A,,74,74,S,V,65,2.7,,,0.4,,SER,VAL,11927576,,62,45.3
1HNL,A,,77,77,A,C,57,4.5,,,4.6,,ALA,CYS,1525170,,28.2,14.5
2HEF,A,,89,89,A,I,65,2.7,,,2.7,,ALA,ILE,9398521,,6.8,72.6
1YAQ,A,,89,89,V,I,65,2.7,,,0.5,,VAL,ILE,7473760,,3.4,20.4
1LHK,A,,91,91,P,D,69,2.8,,,0.4,,PRO,ASP,1643041,,22.1,0
1OUI,A,,93,93,A,V,65,2.7,,,0.7,,ALA,VAL,9020766,,2,52.3
1OUJ,A,,99,99,A,V,65,2.7,,,1,,ALA,VAL,9020766,,3.3,52.3
1OUB,A,,100,100,A,V,65,2.7,,,0.3,,ALA,VAL,9020766,,2.7,52.3
1LHJ,A,,103,103,G,P,69,2.8,,,0.1,,GLY,PRO,1643041,,100,63.2
2HEA,A,,106,106,A,I,65,2.7,,,0.9,,ALA,ILE,9398521,,6.8,72.6
1YAM,A,,106,106,V,I,65,2.7,,,0.7,,VAL,ILE,7473760,,7.4,20.4
1OUC,A,,110,110,A,V,65,2.7,,,-0.5,,ALA,VAL,11087397,,44.5,52.3
1GFU,A,,110,110,D,V,65,2.7,,,-0.2,,ASP,VAL,11927576,,55.8,11.3
1GBO,A,,110,110,G,V,65,2.7,,,2.2,,GLY,VAL,11087397,,43.5,74.5
1GBW,A,,110,110,I,V,65,2.7,,,0.8,,ILE,VAL,11087397,,53.3,-20.4
1GBX,A,,110,110,L,V,65,2.7,,,-0.1,,LEU,VAL,11087397,,58.6,-27.7
1GBY,A,,110,110,M,V,65,2.7,,,-0.4,,MET,VAL,11087397,,60.3,-21.6
1GFV,A,,110,110,N,V,65,2.7,,,-0.1,,ASN,VAL,11927576,,59.8,6.3
1INU,A,,110,110,R,V,65,2.7,,,-0.9,,ARG,VAL,11927576,,78.2,-29
1GBZ,A,,110,110,F,V,65,2.7,,,1.9,,PHE,VAL,11087397,,65.6,-61.4
1LHH,A,,110,110,P,V,69,2.8,,,-0.5,,PRO,VAL,1643041,,50.6,11.3
1GFT,A,,110,110,Y,V,65,2.7,,,0.1,,TYR,VAL,11927576,,72.6,-68.8
1OUD,A,,121,121,A,V,65,2.7,,,1.4,,ALA,VAL,9020766,,8.4,52.3
1WQM,A,,124,124,F,Y,65,2.7,,,0.4,,PHE,TYR,9649316,,6.8,7.4
1OUE,A,,125,125,A,V,65,2.7,,,1.3,,ALA,VAL,9020766,,8.1,52.3
1OUF,A,,130,130,A,V,65,2.7,,,0.8,,ALA,VAL,9020766,,53.9,52.3
1DMQ,A,,32,32,F,Y,25,7,,,-0.2,,PHE,TYR,10769113,,0,7.4
1DMM,A,,57,57,F,Y,25,7,,,1.2,,PHE,TYR,10769113,,4.7,7.4
1RGC,C,,25,25,K,Q,25,7,,,-1.4,,LYS,GLN,2663837,,47.5,-12.1
1VQG,A,,47,47,L,I,25,7.1,,,0.4,,LEU,ILE,2000379,,1.5,-7.3
1VQH,A,,47,47,M,I,25,7.1,,,1.7,,MET,ILE,2000379,,1.6,-1.2
1VQI,A,,47,47,V,I,25,7.1,,,2,,VAL,ILE,2000379,,2.5,20.4
1VQJ,A,,35,35,I,V,25,7.1,,,0.6,,ILE,VAL,2000379,,7.1,-20.4
1YHB,A,,41,41,F,Y,25,7.1,,,3.2,,PHE,TYR,8378307,,77.7,7.4
149L,A,,3,3,L,I,70,5.4,,,-0.7,,LEU,ILE,8771182,,14.1,-7.3
172L,A,,3,3,C,I,65,6.5,,,0,,CYS,ILE,3405287,,13.4,58.1
1L96,A,,3,3,P,I,39,2,,,3,,PRO,ILE,1420185,,20,31.6
1L18,A,,3,3,Y,I,65,6.5,,,2.3,,TYR,ILE,3405287,,31.4,-48.4
1L17,A,,3,3,V,I,65,6.5,,,0.4,,VAL,ILE,3405287,,11.4,20.4
150L,A,,6,6,I,M,65,6.5,,,1.4,,ILE,MET,1854726,,1.5,1.2
1L42,A,,16,16,E,K,67,5.3,,,-0.5,,GLU,LYS,1942034,,69.2,12.1
1L19,A,,38,38,D,S,70,5.4,,,-0.6,,ASP,SER,8771182,,48.9,-34
1L21,A,,55,55,G,N,42,6.5,,,0.6,,GLY,ASN,2511328,,51.1,68.2
1L56,A,,60,60,P,K,65,6.5,,,0,,PRO,LYS,1457724,,44.3,39
1L23,A,,77,77,A,G,65,6.5,,,-0.4,,ALA,GLY,3477797,,8.7,-22.2
1L24,A,,82,82,P,A,65,6.5,,,-0.8,,PRO,ALA,3477797,,71.9,-41
3C81,A,,85,85,A,K,58,5.4,,,0.6,,ALA,LYS,19384988,,13.6,80
3C83,A,,89,89,A,D,58,5.4,,,0.5,,ALA,ASP,19384988,,42.7,41
3C7Y,A,,96,96,A,R,58,5.4,,,2,,ALA,ARG,19384988,,5.7,81.2
3C8Q,A,,96,96,D,R,58,5.4,,,3.5,,ASP,ARG,19384988,,12.9,40.2
3CDV,A,,96,96,M,R,58,5.4,,,2.7,,MET,ARG,19384988,,21.1,7.4
3C8S,A,,96,96,E,R,58,5.4,,,2.5,,GLU,ARG,19384988,,22.9,13.3
3C8R,A,,96,96,G,R,58,5.4,,,2.6,,GLY,ARG,19384988,,1.8,103.4
3CDR,A,,96,96,Q,R,58,5.4,,,0.3,,GLN,ARG,19384988,,21.1,13.3
3F8V,A,,96,96,H,R,58,5.4,,,3.1,,HIS,ARG,19384988,,19.2,7.4
3CDT,A,,96,96,N,R,58,5.4,,,3,,ASN,ARG,19384988,,7.4,35.2
3C7W,A,,96,96,K,R,58,5.4,,,0,,LYS,ARG,19384988,,21.7,1.3
3CDQ,A,,96,96,S,R,58,5.4,,,2.6,,SER,ARG,19384988,,8.4,74.3
3C80,A,,96,96,Y,R,58,5.4,,,4.7,,TYR,ARG,19384988,,27.7,-39.8
3CDO,A,,96,96,V,R,58,5.4,,,2.4,,VAL,ARG,19384988,,12.6,29
3FI5,A,,96,96,W,R,58,5.4,,,4.5,,TRP,ARG,19384988,,23.1,-63.3
1L48,A,,98,98,V,A,40,3,,,4.9,,VAL,ALA,1920439,,0,-52.3
1L00,A,,105,105,A,Q,66,5.8,,,0.6,,ALA,GLN,8460110,,35.9,67.9
1L98,A,,105,105,E,Q,66,5.8,,,1.1,,GLU,GLN,8460110,,35.3,0
1L99,A,,105,105,G,Q,66,5.8,,,1.5,,GLY,GLN,8460110,,53.2,90.1
1L60,A,,113,113,A,G,65,6.5,,,-0.3,,ALA,GLY,1457724,,70.8,-22.2
1L37,A,,115,115,E,T,65,6.5,,,-0.3,,GLU,THR,1854726,,62.3,-26.9
1L57,A,,116,116,D,N,66,5.7,,,-0.6,,ASP,ASN,1911773,,52.8,5
1L44,A,,119,119,E,R,67,5.3,,,0,,GLU,ARG,1942034,,57,13.3
1L38,A,,123,123,E,Q,65,6.5,,,-0.4,,GLU,GLN,1854726,,49.5,0
1L22,A,,124,124,G,K,42,6.5,,,0.1,,GLY,LYS,2511328,,35.7,102.2
1L33,A,,131,131,A,V,41,2,,,-0.3,,ALA,VAL,1304917,,45.5,52.3
1DYA,A,,131,131,D,V,53,3,,,-0.1,,ASP,VAL,8289284,,58,11.3
1DYB,A,,131,131,G,V,53,3,,,0.7,,GLY,VAL,8289284,,43.5,74.5
1DYC,A,,131,131,I,V,53,3,,,-0.2,,ILE,VAL,8289284,,60.2,-20.4
1DYD,A,,131,131,L,V,53,3,,,-0.1,,LEU,VAL,8289284,,62.1,-27.7
1DYE,A,,131,131,S,V,53,3,,,0.1,,SER,VAL,8289284,,60.6,45.3
1DYF,A,,131,131,M,V,53,3,,,-0.1,,MET,VAL,8289284,,64.4,-21.6
1DYG,A,,131,131,E,V,53,3,,,-0.2,,GLU,VAL,8289284,,63.9,-15.6
1L69,A,,133,133,A,L,41,2,,,4.2,,ALA,LEU,1304917,,5.8,80
1L45,A,,135,135,E,K,67,5.3,,,1,,GLU,LYS,1942034,,83.2,12.1
1L20,A,,144,144,D,N,70,5.4,,,-0.4,,ASP,ASN,8771182,,74.8,5
1L46,A,,147,147,E,K,67,5.3,,,0.7,,GLU,LYS,1942034,,41.4,12.1
1L53,A,,149,149,C,V,40,3,,,2.2,,CYS,VAL,1920439,,0,37.8
1L52,A,,152,152,S,T,40,3,,,2.6,,SER,THR,1920439,,0,34
1L47,A,,154,154,E,R,67,5.3,,,1.1,,GLU,ARG,1942034,,45.4,13.3
1L16,A,,156,156,D,G,65,6.5,,,2.3,,ASP,GLY,3680274,,37.6,-63.2
1L02,A,,157,157,A,T,54,3,,,0.5,,ALA,THR,1993203,,26.2,41
1L03,A,,157,157,C,T,42,2,,,1.3,,CYS,THR,24591301,,42.1,26.5
1L04,A,,157,157,D,T,42,2,,,1.1,,ASP,THR,24591301,,48.8,0
1L06,A,,157,157,E,T,54,3,,,0.8,,GLU,THR,1993203,,58.4,-26.9
1L07,A,,157,157,F,T,42,2,,,2.4,,PHE,THR,24591301,,59.7,-72.7
1L08,A,,157,157,G,T,42,2,,,1.1,,GLY,THR,24591301,,27.3,63.2
1L09,A,,157,157,H,T,42,2,,,2.1,,HIS,THR,24591301,,56.2,-32.8
1L10,A,,157,157,I,T,54,3,,,1.5,,ILE,THR,1993203,,42.3,-31.6
1L11,A,,157,157,L,T,54,3,,,1.7,,LEU,THR,1993203,,46.9,-39
1L12,A,,157,157,N,T,54,3,,,1.2,,ASN,THR,1993203,,36.2,-5
1L13,A,,157,157,R,T,54,3,,,-0.3,,ARG,THR,1993203,,49.4,-40.2
1L14,A,,157,157,S,T,42,2,,,0.7,,SER,THR,24591301,,23.4,34
1L15,A,,157,157,V,T,54,3,,,1.2,,VAL,THR,1993203,,36.5,-11.3
1RDA,A,,10,10,N,D,50,6,,,-0.9,,ASN,ASP,8955106,,7.1,-5
1RDB,A,,48,48,Q,E,50,6,,,-0.2,,GLN,GLU,8955106,,8.6,0
3AA5,A,,52,52,F,A,53,3.2,,,0.5,,PHE,ALA,9228039,,0.7,-113.7
3AA2,A,,52,52,I,A,53,3.2,,,-1.9,,ILE,ALA,9228039,,0,-72.6
3AA3,A,,52,52,L,A,53,3.2,,,-1.3,,LEU,ALA,9228039,,0,-80
3AA4,A,,52,52,V,A,53,3.2,,,-1.7,,VAL,ALA,9228039,,0,-52.3
1RBS,A,,62,62,A,H,25,5.5,,,-0.4,,ALA,HIS,1645658,,53.2,73.8
1RBR,A,,62,62,P,H,25,5.5,,,-1.1,,PRO,HIS,1328237,,55.7,32.8
1RDC,A,,70,70,N,D,50,6,,,-0.9,,ASN,ASP,8955106,,27.4,-5
1LAV,A,,74,74,L,V,53,5.5,,,-1,,LEU,VAL,3191114,,0,-27.7
1LAW,A,,74,74,I,V,53,5.5,,,-0.6,,ILE,VAL,3191114,,0,-20.4
1GOB,A,,77,77,A,G,50,3,,,0.9,,ALA,GLY,8393706,,0,-22.2
1RBV,A,,95,95,A,K,52,5.5,,,-0.1,,ALA,LYS,1331044,,58.2,80
1RBT,A,,95,95,G,K,52,5.5,,,-1.9,,GLY,LYS,1331044,,50.6,102.2
1RBU,A,,95,95,N,K,52,5.5,,,-0.9,,ASN,LYS,1331044,,68.6,34
1KVA,A,,134,134,A,D,50,5.5,,,-2.1,,ALA,ASP,8125123,,22.3,41
1KVB,A,,134,134,H,D,50,5.5,,,-2.3,,HIS,ASP,8125123,,22.8,-32.8
1KVC,A,,134,134,N,D,50,5.5,,,-1,,ASN,ASP,8125123,,15.6,-5
1IOS,A,,12,12,F,M,35,5.5,,,-0.5,,PHE,MET,11266617,,0,-39.8
1IOT,A,,12,12,L,M,35,5.5,,,0.4,,LEU,MET,11266617,,3.7,-6.1
1HER,A,,40,40,S,T,74,6.4,,,0.3,,SER,THR,8535241,,1.8,34
1FN5,A,,49,49,A,G,25,2.7,,,0.7,,ALA,GLY,11112507,,28.4,-22.2
1HEO,A,,55,55,V,I,74,6.4,,,0.9,,VAL,ILE,8535241,,1.3,20.4
1IR8,A,,58,58,M,I,35,5.5,,,1.2,,MET,ILE,11477222,,1.4,-1.2
1FLU,A,,67,67,A,G,25,2.7,,,0.5,,ALA,GLY,11112507,,73.5,-22.2
1FLW,A,,71,71,A,G,25,2.7,,,2.1,,ALA,GLY,11112507,,73.8,-22.2
1IR7,A,,78,78,M,I,35,5.5,,,0.9,,MET,ILE,11477222,,17.7,-1.2
1LSN,A,,91,91,A,S,74,6.4,,,0.2,,ALA,SER,8535241,,6,6.9
1HEM,A,,91,91,T,S,74,6.4,,,-1,,THR,SER,8535241,,3.5,-34
1IR9,A,,98,98,M,I,35,5.5,,,0.9,,MET,ILE,11477222,,5,-1.2
1FLY,A,,102,102,A,G,25,2.7,,,1.2,,ALA,GLY,11112507,,78.7,-22.2
1FLQ,A,,117,117,A,G,25,2.7,,,0.8,,ALA,GLY,11112507,,93.1,-22.2
1BTI,A,,22,22,A,F,25,2,,,1.2,,ALA,PHE,7686069,,3.8,113.7
1BPT,A,,23,23,A,Y,25,2,,,5.9,,ALA,TYR,7686069,,3.4,121
8PTI,A,,35,35,G,Y,25,2,,,5,,GLY,TYR,7686069,,17.3,143.3
1NAG,A,,43,43,G,N,25,2,,,5.7,,GLY,ASN,7686069,,15.9,68.2
1FAN,A,,45,45,A,F,25,2,,,6.9,,ALA,PHE,7686069,,16.3,113.7