PDB,Chain,,PDB Position,SEQ Position,Wild,Mutant,Condition Temp,Condition pH,,,G (kcal/mol) positive is stable,,Wild Type,Mutant,PubMed,,SolventAcc,Volume Change
1AMQ,A,,191,180,C,Y,25,7.5,,,-2.3,,CYS,TYR,10708649,,4.4,106.6
1AMQ,A,,191,180,C,F,25,7.5,,,-1.6,,CYS,PHE,10708649,,4.4,99.2
1AMQ,A,,191,180,C,W,25,7.5,,,-3.9,,CYS,TRP,10708649,,4.4,130
1AMQ,A,,191,180,C,S,25,7.5,,,-1.9,,CYS,SER,10708649,,4.4,-7.5
1BNI,A,,7,7,F,L,25,6.2,,,-4.1,,PHE,LEU,3386721,,11.6,-33.7
1BNI,A,,14,14,L,A,25,6.3,,,-4.5,,LEU,ALA,1569557,,0,-80
1BNI,A,,26,26,T,A,25,6.3,,,-1.7,,THR,ALA,1569557,,21.1,-41
1BNI,A,,51,51,I,V,25,6.3,,,-1.1,,ILE,VAL,1569557,,0,-20.4
1BNI,A,,76,76,I,A,25,6.3,,,-1.7,,ILE,ALA,1569557,,0,-72.6
1BNI,A,,76,76,I,V,25,6.3,,,-1,,ILE,VAL,1569557,,0,-20.4
1BNI,A,,78,78,Y,F,25,6.3,,,-1.1,,TYR,PHE,1569557,,3.5,-7.4
1BNI,A,,88,88,I,A,25,6.3,,,-4,,ILE,ALA,1569557,,0,-72.6
1BNI,A,,88,88,I,V,25,6.3,,,-1.6,,ILE,VAL,1569557,,0,-20.4
1BNI,A,,89,89,L,V,25,6.3,,,-0.5,,LEU,VAL,1569557,,0,-27.7
1BNI,A,,91,91,S,A,25,6.3,,,-2.4,,SER,ALA,1569557,,1.6,-6.9
1BNI,A,,96,96,I,A,25,6.3,,,-3.2,,ILE,ALA,1569557,,0,-72.6
1BNI,A,,96,96,I,V,25,6.3,,,-3.1,,ILE,VAL,1569557,,0,-20.4
1CEY,A,,12,11,D,A,25,7,,,2.5,,ASP,ALA,11023787,,6.5,-41
1CEY,A,,13,12,D,A,25,7,,,2.7,,ASP,ALA,11023787,,37.2,-41
1CEY,A,,57,56,D,A,25,7,,,3.3,,ASP,ALA,11023787,,8.3,-41
1EY0,A,,22,22,T,C,20,7,,,-0.9,,THR,CYS,7577991,,6.4,-26.5
1EY0,A,,22,22,T,V,20,7,,,-0.9,,THR,VAL,7577991,,6.4,11.3
1EY0,A,,23,23,V,L,20,7,,,-0.1,,VAL,LEU,11705391,,0.7,27.7
1EY0,A,,25,25,L,I,20,7,,,-1.7,,LEU,ILE,11705391,,0.2,-7.3
1EY0,A,,33,33,T,V,20,7,,,0.4,,THR,VAL,7577991,,24.2,11.3
1EY0,A,,41,41,T,C,20,7,,,0.6,,THR,CYS,7577991,,4.8,-26.5
1EY0,A,,41,41,T,I,20,7,,,0.7,,THR,ILE,11023780,,4.8,31.6
1EY0,A,,41,41,T,S,20,7,,,-1.1,,THR,SER,7577991,,4.8,-34
1EY0,A,,41,41,T,V,20,7,,,0.8,,THR,VAL,7577991,,4.8,11.3
1EY0,A,,44,44,T,V,20,7,,,0.1,,THR,VAL,7577991,,24.9,11.3
1EY0,A,,59,59,S,A,20,7,,,0.5,,SER,ALA,11023780,,19,-6.9
1EY0,A,,62,62,T,S,20,7,,,-2.1,,THR,SER,7577991,,0.5,-34
1EY0,A,,62,62,T,V,20,7,,,-0.2,,THR,VAL,7577991,,0.5,11.3
1EY0,A,,66,66,V,I,20,7,,,-1,,VAL,ILE,11705391,,2.2,20.4
1EY0,A,,66,66,V,L,20,7,,,-0.3,,VAL,LEU,11705391,,2.2,27.7
1EY0,A,,66,66,V,K,20,7,,,-7.5,,VAL,LYS,1920420,,2.2,27.7
1EY0,A,,72,72,I,L,20,7,,,-0.2,,ILE,LEU,11705391,,7.7,7.3
1EY0,A,,72,72,I,V,20,7,,,-1.2,,ILE,VAL,11705391,,7.7,-20.4
1EY0,A,,82,82,T,S,20,7,,,-0.7,,THR,SER,7577991,,52.6,-34
1EY0,A,,92,92,I,V,20,7,,,-0.4,,ILE,VAL,11705391,,0.5,-20.4
1EY0,A,,116,116,K,G,20,7,,,1,,LYS,GLY,8639591,,73,-102.2
1EY0,A,,117,117,P,A,20,7,,,0.8,,PRO,ALA,1610820,,39.8,-41
1EY0,A,,117,117,P,G,20,7,,,0.9,,PRO,GLY,1610820,,39.8,-63.2
1EY0,A,,117,117,P,T,0,7,,,1.1,,PRO,THR,8448112,,39.8,0
1EY0,A,,120,120,T,C,20,7,,,-1.7,,THR,CYS,7577991,,38.8,-26.5
1EY0,A,,120,120,T,S,20,7,,,-0.6,,THR,SER,7577991,,38.8,-34
1EY0,A,,120,120,T,V,20,7,,,-1.8,,THR,VAL,7577991,,38.8,11.3
1EY0,A,,128,128,S,A,20,7,,,0.7,,SER,ALA,11023780,,7.6,-6.9
1IHB,A,,71,71,F,N,23,7.5,,,0.7,,PHE,ASN,12370184,,17,-67.7
1IHB,A,,82,82,F,Q,23,7.5,,,-0.4,,PHE,GLN,12370184,,35,-45.8
1IHB,A,,92,92,F,N,23,7.5,,,-1.1,,PHE,ASN,12370184,,25.5,-67.7
1IOB,A,,9,9,T,G,25,6.5,,,-2.6,,THR,GLY,8394358,,3.8,-63.2
1L63,A,,6,6,M,A,44,3,,,-1.9,,MET,ALA,9514271,,0,-73.8
1L63,A,,6,6,M,L,44,3,,,-2.8,,MET,LEU,9541409,,0,6.1
1L63,A,,11,11,E,H,65,5.4,,,0.1,,GLU,HIS,26325080,,23.4,5.9
1L63,A,,11,11,E,N,65,5.4,,,-0.1,,GLU,ASN,26325080,,23.4,-21.9
1L63,A,,17,17,I,A,44,3,,,-2.7,,ILE,ALA,9514271,,9.7,-72.6
1L63,A,,20,20,D,A,65,5.4,,,-0.3,,ASP,ALA,26325080,,31.5,-41
1L63,A,,20,20,D,N,65,5.4,,,1.3,,ASP,ASN,26325080,,31.5,5
1L63,A,,20,20,D,S,65,5.4,,,0.7,,ASP,SER,26325080,,31.5,-34
1L63,A,,27,27,I,A,44,3,,,-3.1,,ILE,ALA,9514271,,0,-72.6
1L63,A,,27,27,I,M,65,5.4,,,-3.1,,ILE,MET,10545167,,0,1.2
1L63,A,,29,29,I,A,44,3,,,-2.6,,ILE,ALA,9514271,,2.5,-72.6
1L63,A,,38,38,S,N,62,6.7,,,0,,SER,ASN,1911773,,38.9,39.1
1L63,A,,41,41,A,S,52,3,,,-0.6,,ALA,SER,8218201,,31.9,6.9
1L63,A,,42,42,A,V,40,3,,,-2.7,,ALA,VAL,10623513,,0,52.3
1L63,A,,42,42,A,S,52,3,,,-2.3,,ALA,SER,8218201,,0,6.9
1L63,A,,43,43,K,A,62,6.7,,,-1,,LYS,ALA,1570293,,19.7,-80
1L63,A,,44,44,S,A,62,6.7,,,0.3,,SER,ALA,1570293,,57.6,-6.9
1L63,A,,44,44,S,I,52,3,,,0.3,,SER,ILE,8289284,,57.6,65.7
1L63,A,,44,44,S,L,52,3,,,0.4,,SER,LEU,8289284,,57.6,73
1L63,A,,44,44,S,K,52,3,,,0.2,,SER,LYS,8289284,,57.6,73
1L63,A,,44,44,S,E,52,3,,,0,,SER,GLU,8289284,,57.6,60.9
1L63,A,,44,44,S,G,52,3,,,-0.5,,SER,GLY,8289284,,57.6,-29.2
1L63,A,,44,44,S,R,52,3,,,0.2,,SER,ARG,8289284,,57.6,74.3
1L63,A,,44,44,S,N,52,3,,,-0.1,,SER,ASN,8289284,,57.6,39.1
1L63,A,,44,44,S,F,52,3,,,0.1,,SER,PHE,8289284,,57.6,106.7
1L63,A,,44,44,S,P,52,3,,,-3,,SER,PRO,8289284,,57.6,34
1L63,A,,44,44,S,T,52,3,,,0,,SER,THR,8289284,,57.6,34
1L63,A,,44,44,S,V,52,3,,,0.1,,SER,VAL,8289284,,57.6,45.3
1L63,A,,46,46,L,A,62,6.7,,,-1.9,,LEU,ALA,1570293,,0,-80
1L63,A,,47,47,D,A,62,6.7,,,-1,,ASP,ALA,1570293,,21.5,-41
1L63,A,,49,49,A,S,52,3,,,-0.5,,ALA,SER,8218201,,37.2,6.9
1L63,A,,50,50,I,A,44,3,,,-2,,ILE,ALA,9514271,,19.9,-72.6
1L63,A,,50,50,I,M,65,5.4,,,-0.4,,ILE,MET,10545167,,19.9,1.2
1L63,A,,58,58,I,A,44,3,,,-3.2,,ILE,ALA,9514271,,2.3,-72.6
1L63,A,,58,58,I,T,65,5.4,,,-3.4,,ILE,THR,11316887,,2.3,-31.6
1L63,A,,59,59,T,A,63,6.5,,,-1.5,,THR,ALA,1567817,,44,-41
1L63,A,,59,59,T,D,63,6.5,,,-1.2,,THR,ASP,1567817,,44,0
1L63,A,,59,59,T,G,63,6.5,,,-1.6,,THR,GLY,1567817,,44,-63.2
1L63,A,,59,59,T,N,63,6.5,,,-1.1,,THR,ASN,1567817,,44,5
1L63,A,,59,59,T,S,63,6.5,,,-0.2,,THR,SER,1567817,,44,-34
1L63,A,,59,59,T,V,63,6.5,,,-1.5,,THR,VAL,1567817,,44,11.3
1L63,A,,66,66,L,M,65,5.4,,,-1,,LEU,MET,10545167,,2,-6.1
1L63,A,,67,67,F,A,44,3,,,-1.9,,PHE,ALA,9514271,,5.5,-113.7
1L63,A,,72,72,D,P,63,6.5,,,-2.7,,ASP,PRO,1733941,,56.8,0
1L63,A,,73,73,A,S,52,3,,,-0.4,,ALA,SER,8218201,,36.8,6.9
1L63,A,,75,75,V,T,52,3,,,-1.3,,VAL,THR,8218201,,21.1,-11.3
1L63,A,,78,78,I,A,65,5.4,,,-1.2,,ILE,ALA,10545167,,0,-72.6
1L63,A,,78,78,I,M,65,5.4,,,-1.5,,ILE,MET,10545167,,0,1.2
1L63,A,,78,78,I,V,61,5.4,,,-0.8,,ILE,VAL,12963380,,0,-20.4
1L63,A,,82,82,A,S,52,3,,,-0.3,,ALA,SER,8218201,,74.6,6.9
1L63,A,,84,84,L,A,44,3,,,-2.6,,LEU,ALA,9514271,,0,-80
1L63,A,,84,84,L,M,65,5.4,,,-1.9,,LEU,MET,10545167,,0,-6.1
1L63,A,,87,87,V,A,44,3,,,-1.7,,VAL,ALA,9514271,,1.5,-52.3
1L63,A,,87,87,V,M,65,5.4,,,-2.3,,VAL,MET,10545167,,1.5,21.6
1L63,A,,87,87,V,I,61,5.4,,,-0.3,,VAL,ILE,12963380,,1.5,20.4
1L63,A,,87,87,V,T,52,3,,,-1.6,,VAL,THR,8218201,,1.5,-11.3
1L63,A,,91,91,L,A,44,3,,,-3.9,,LEU,ALA,9514271,,3,-80
1L63,A,,91,91,L,M,59,5.4,,,-0.8,,LEU,MET,8901549,,3,-6.1
1L63,A,,92,92,D,N,62,6.7,,,-1.4,,ASP,ASN,1911773,,36.1,5
1L63,A,,93,93,A,S,52,3,,,-0.2,,ALA,SER,8218201,,70.1,6.9
1L63,A,,98,98,A,C,40,3,,,-1,,ALA,CYS,10623513,,0,14.5
1L63,A,,98,98,A,L,40,3,,,-4.3,,ALA,LEU,10623513,,0,80
1L63,A,,98,98,A,S,52,3,,,-2.5,,ALA,SER,8218201,,0,6.9
1L63,A,,98,98,A,V,40,3,,,-3.2,,ALA,VAL,10623513,,0,52.3
1L63,A,,99,99,L,A,65,5.7,,,-4.5,,LEU,ALA,8433369,,0.2,-80
1L63,A,,99,99,L,F,65,5.7,,,-0.3,,LEU,PHE,8433369,,0.2,33.7
1L63,A,,99,99,L,I,65,5.7,,,-1.5,,LEU,ILE,8433369,,0.2,-7.3
1L63,A,,99,99,L,M,65,5.7,,,-0.6,,LEU,MET,8433369,,0.2,-6.1
1L63,A,,99,99,L,V,65,5.7,,,-2,,LEU,VAL,8433369,,0.2,-27.7
1L63,A,,100,100,I,A,44,3,,,-3.4,,ILE,ALA,9514271,,4.7,-72.6
1L63,A,,100,100,I,M,65,5.4,,,-1.6,,ILE,MET,10545167,,4.7,1.2
1L63,A,,100,100,I,V,61,5.4,,,-0.4,,ILE,VAL,12963380,,4.7,-20.4
1L63,A,,101,101,N,A,59,5.4,,,-1.5,,ASN,ALA,11316887,,0,-46
1L63,A,,102,102,M,L,61,5.4,,,-1,,MET,LEU,12963380,,1.6,6.1
1L63,A,,103,103,V,A,44,3,,,-2.2,,VAL,ALA,9514271,,5.7,-52.3
1L63,A,,103,103,V,I,61,5.4,,,-0.5,,VAL,ILE,12963380,,5.7,20.4
1L63,A,,103,103,V,M,65,5.4,,,-1.2,,VAL,MET,10545167,,5.7,21.6
1L63,A,,104,104,F,M,65,5.4,,,-0.4,,PHE,MET,10545167,,14,-39.8
1L63,A,,105,105,Q,M,59,5.4,,,-1.2,,GLN,MET,11316887,,30,5.9
1L63,A,,106,106,M,I,61,5.4,,,0.2,,MET,ILE,12963380,,26.3,-1.2
1L63,A,,106,106,M,L,47,3,,,0.5,,MET,LEU,9541409,,26.3,6.1
1L63,A,,106,106,M,K,47,3,,,-3.4,,MET,LYS,9541409,,26.3,6.1
1L63,A,,109,109,T,D,62,6.7,,,0.6,,THR,ASP,1911773,,79.4,0
1L63,A,,109,109,T,N,62,6.7,,,0.1,,THR,ASN,1911773,,79.4,5
1L63,A,,111,111,V,A,44,3,,,-1.3,,VAL,ALA,9514271,,0.2,-52.3
1L63,A,,111,111,V,I,61,5.4,,,-0.9,,VAL,ILE,12963380,,0.2,20.4
1L63,A,,111,111,V,M,65,5.4,,,-0.7,,VAL,MET,10545167,,0.2,21.6
1L63,A,,117,117,S,F,65,5.4,,,1.1,,SER,PHE,8401213,,0.6,106.7
1L63,A,,118,118,L,A,65,5.4,,,-3.2,,LEU,ALA,10545167,,6.9,-80
1L63,A,,118,118,L,M,65,5.4,,,-0.7,,LEU,MET,10545167,,6.9,-6.1
1L63,A,,120,120,M,L,47,3,,,0.5,,MET,LEU,9541409,,12.5,6.1
1L63,A,,120,120,M,K,47,3,,,-1.6,,MET,LYS,9541409,,12.5,6.1
1L63,A,,120,120,M,Y,61,5.4,,,-0.1,,MET,TYR,12963380,,12.5,47.2
1L63,A,,121,121,L,M,65,5.4,,,-0.8,,LEU,MET,10545167,,0.8,-6.1
1L63,A,,129,129,A,F,40,3,,,-1.2,,ALA,PHE,10623513,,0.6,113.7
1L63,A,,129,129,A,W,40,3,,,-2.2,,ALA,TRP,10623513,,0.6,144.5
1L63,A,,130,130,A,S,52,3,,,1,,ALA,SER,8218201,,9.5,6.9
1L63,A,,133,133,L,F,61,5.4,,,-0.3,,LEU,PHE,12963380,,0.9,33.7
1L63,A,,133,133,L,M,59,5.4,,,-0.4,,LEU,MET,8901549,,0.9,-6.1
1L63,A,,134,134,A,S,52,3,,,-0.1,,ALA,SER,8218201,,22.7,6.9
1L63,A,,144,144,N,E,65,6.5,,,0.5,,ASN,GLU,1854726,,67.2,21.9
1L63,A,,149,149,V,A,44,3,,,-3.2,,VAL,ALA,9514271,,0,-52.3
1L63,A,,149,149,V,C,59,5.4,,,-2,,VAL,CYS,11316887,,0,-37.8
1L63,A,,149,149,V,G,59,5.4,,,-4.9,,VAL,GLY,11316887,,0,-74.5
1L63,A,,149,149,V,I,59,5.4,,,-0.1,,VAL,ILE,11316887,,0,20.4
1L63,A,,149,149,V,M,65,5.4,,,-2.8,,VAL,MET,10545167,,0,21.6
1L63,A,,149,149,V,T,52,3,,,-2.8,,VAL,THR,8218201,,0,-11.3
1L63,A,,149,149,V,S,59,5.4,,,-4.4,,VAL,SER,11316887,,0,-45.3
1L63,A,,152,152,T,A,59,5.4,,,-1.5,,THR,ALA,11316887,,0,-41
1L63,A,,152,152,T,C,59,5.4,,,-0.5,,THR,CYS,11316887,,0,-26.5
1L63,A,,152,152,T,I,59,5.4,,,-0.4,,THR,ILE,11316887,,0,31.6
1L63,A,,152,152,T,S,59,5.4,,,-2,,THR,SER,11316887,,0,-34
1L63,A,,152,152,T,V,59,5.4,,,0.2,,THR,VAL,11316887,,0,11.3
1L63,A,,153,153,F,A,65,5.7,,,-3.8,,PHE,ALA,8433369,,0.7,-113.7
1L63,A,,153,153,F,I,65,5.7,,,-0.2,,PHE,ILE,8433369,,0.7,-41.1
1L63,A,,153,153,F,L,65,5.7,,,0.3,,PHE,LEU,8433369,,0.7,-33.7
1L63,A,,153,153,F,M,65,5.7,,,-0.6,,PHE,MET,8433369,,0.7,-39.8
1L63,A,,153,153,F,V,65,5.7,,,-1.8,,PHE,VAL,8433369,,0.7,-61.4
1LZ1,A,,2,2,V,A,65,2.7,,,-1.5,,VAL,ALA,11087397,,60.1,-52.3
1LZ1,A,,2,2,V,G,65,2.7,,,-1.3,,VAL,GLY,11087397,,60.1,-74.5
1LZ1,A,,2,2,V,S,65,2.7,,,-1.4,,VAL,SER,11927576,,60.1,-45.3
1LZ1,A,,2,2,V,Y,65,2.7,,,-0.4,,VAL,TYR,11927576,,60.1,68.8
1LZ1,A,,2,2,V,D,65,2.7,,,-1.4,,VAL,ASP,11927576,,60.1,-11.3
1LZ1,A,,2,2,V,N,65,2.7,,,-1.3,,VAL,ASN,11927576,,60.1,-6.3
1LZ1,A,,2,2,V,R,65,2.7,,,-0.4,,VAL,ARG,11927576,,60.1,29
1LZ1,A,,2,2,V,L,65,2.7,,,0.3,,VAL,LEU,11087397,,60.1,27.7
1LZ1,A,,2,2,V,M,65,2.7,,,-0.2,,VAL,MET,11087397,,60.1,21.6
1LZ1,A,,2,2,V,F,65,2.7,,,-0.8,,VAL,PHE,11087397,,60.1,61.4
1LZ1,A,,20,20,Y,F,65,2.7,,,-0.5,,TYR,PHE,9649316,,22.7,-7.4
1LZ1,A,,23,23,I,A,65,2.7,,,-2.5,,ILE,ALA,9398521,,8.2,-72.6
1LZ1,A,,23,23,I,V,65,2.7,,,-0.4,,ILE,VAL,7473760,,8.2,-20.4
1LZ1,A,,38,38,Y,F,65,2.7,,,-0.2,,TYR,PHE,9649316,,9.3,-7.4
1LZ1,A,,45,45,Y,F,65,2.7,,,0.1,,TYR,PHE,9649316,,54.2,-7.4
1LZ1,A,,47,47,A,P,69,2.8,,,0.1,,ALA,PRO,1643041,,67.3,41
1LZ1,A,,54,54,Y,F,65,2.7,,,-1,,TYR,PHE,9649316,,9.2,-7.4
1LZ1,A,,56,56,I,A,65,2.7,,,-3.7,,ILE,ALA,9398521,,1.4,-72.6
1LZ1,A,,56,56,I,T,65,2.7,,,-4.3,,ILE,THR,9010773,,1.4,-31.6
1LZ1,A,,56,56,I,V,65,2.7,,,-1.2,,ILE,VAL,7473760,,1.4,-20.4
1LZ1,A,,59,59,I,A,65,2.7,,,-1.7,,ILE,ALA,9398521,,1.6,-72.6
1LZ1,A,,59,59,I,G,65,2.7,,,-3.8,,ILE,GLY,9398521,,1.6,-94.9
1LZ1,A,,59,59,I,V,65,2.7,,,-1.1,,ILE,VAL,7473760,,1.6,-20.4
1LZ1,A,,63,63,Y,F,65,2.7,,,-0.2,,TYR,PHE,9649316,,51.1,-7.4
1LZ1,A,,71,71,P,G,69,2.8,,,-1.6,,PRO,GLY,1643041,,46.3,-63.2
1LZ1,A,,74,74,V,A,65,2.7,,,-0.4,,VAL,ALA,11087397,,54.5,-52.3
1LZ1,A,,74,74,V,G,65,2.7,,,-0.1,,VAL,GLY,11087397,,54.5,-74.5
1LZ1,A,,74,74,V,I,65,2.7,,,-1.9,,VAL,ILE,11087397,,54.5,20.4
1LZ1,A,,74,74,V,L,65,2.7,,,-0.4,,VAL,LEU,11087397,,54.5,27.7
1LZ1,A,,74,74,V,M,65,2.7,,,-0.4,,VAL,MET,11087397,,54.5,21.6
1LZ1,A,,74,74,V,F,65,2.7,,,0,,VAL,PHE,11087397,,54.5,61.4
1LZ1,A,,74,74,V,Y,65,2.7,,,-0.3,,VAL,TYR,11927576,,54.5,68.8
1LZ1,A,,74,74,V,D,65,2.7,,,-0.4,,VAL,ASP,11927576,,54.5,-11.3
1LZ1,A,,74,74,V,N,65,2.7,,,-0.3,,VAL,ASN,11927576,,54.5,-6.3
1LZ1,A,,74,74,V,R,65,2.7,,,-0.1,,VAL,ARG,11927576,,54.5,29
1LZ1,A,,74,74,V,S,65,2.7,,,-0.4,,VAL,SER,11927576,,54.5,-45.3
1LZ1,A,,77,77,C,A,57,4.5,,,-4.6,,CYS,ALA,1525170,,15.3,-14.5
1LZ1,A,,89,89,I,A,65,2.7,,,-2.7,,ILE,ALA,9398521,,3.7,-72.6
1LZ1,A,,89,89,I,V,65,2.7,,,-0.5,,ILE,VAL,7473760,,3.7,-20.4
1LZ1,A,,91,91,D,P,69,2.8,,,-0.4,,ASP,PRO,1643041,,37.7,0
1LZ1,A,,93,93,V,A,65,2.7,,,-0.7,,VAL,ALA,9020766,,2.7,-52.3
1LZ1,A,,99,99,V,A,65,2.7,,,-1,,VAL,ALA,9020766,,1.6,-52.3
1LZ1,A,,100,100,V,A,65,2.7,,,-0.3,,VAL,ALA,9020766,,0.8,-52.3
1LZ1,A,,103,103,P,G,69,2.8,,,-0.1,,PRO,GLY,1643041,,92.4,-63.2
1LZ1,A,,106,106,I,A,65,2.7,,,-0.9,,ILE,ALA,9398521,,2.8,-72.6
1LZ1,A,,106,106,I,V,65,2.7,,,-0.7,,ILE,VAL,7473760,,2.8,-20.4
1LZ1,A,,110,110,V,A,65,2.7,,,0.5,,VAL,ALA,11087397,,47.9,-52.3
1LZ1,A,,110,110,V,D,65,2.7,,,0.2,,VAL,ASP,11927576,,47.9,-11.3
1LZ1,A,,110,110,V,G,65,2.7,,,-2.2,,VAL,GLY,11087397,,47.9,-74.5
1LZ1,A,,110,110,V,I,65,2.7,,,-0.8,,VAL,ILE,11087397,,47.9,20.4
1LZ1,A,,110,110,V,L,65,2.7,,,0.1,,VAL,LEU,11087397,,47.9,27.7
1LZ1,A,,110,110,V,M,65,2.7,,,0.4,,VAL,MET,11087397,,47.9,21.6
1LZ1,A,,110,110,V,N,65,2.7,,,0.1,,VAL,ASN,11927576,,47.9,-6.3
1LZ1,A,,110,110,V,R,65,2.7,,,0.9,,VAL,ARG,11927576,,47.9,29
1LZ1,A,,110,110,V,F,65,2.7,,,-1.9,,VAL,PHE,11087397,,47.9,61.4
1LZ1,A,,110,110,V,P,69,2.8,,,0.5,,VAL,PRO,1643041,,47.9,-11.3
1LZ1,A,,110,110,V,Y,65,2.7,,,-0.1,,VAL,TYR,11927576,,47.9,68.8
1LZ1,A,,121,121,V,A,65,2.7,,,-1.4,,VAL,ALA,9020766,,8,-52.3
1LZ1,A,,124,124,Y,F,65,2.7,,,-0.4,,TYR,PHE,9649316,,8.6,-7.4
1LZ1,A,,125,125,V,A,65,2.7,,,-1.3,,VAL,ALA,9020766,,16.1,-52.3
1LZ1,A,,130,130,V,A,65,2.7,,,-0.8,,VAL,ALA,9020766,,51.1,-52.3
1OH0,A,,32,32,Y,F,25,7,,,0.2,,TYR,PHE,10769113,,0,-7.4
1OH0,A,,57,57,Y,F,25,7,,,-1.2,,TYR,PHE,10769113,,4.8,-7.4
1RN1,C,,25,25,Q,K,25,7,,,1.4,,GLN,LYS,2663837,,44.1,12.1
1VQB,A,,47,47,I,L,25,7.1,,,-0.4,,ILE,LEU,2000379,,2,7.3
1VQB,A,,47,47,I,M,25,7.1,,,-1.7,,ILE,MET,2000379,,2,1.2
1VQB,A,,47,47,I,V,25,7.1,,,-2,,ILE,VAL,2000379,,2,-20.4
1VQB,A,,35,35,V,I,25,7.1,,,-0.6,,VAL,ILE,2000379,,6.1,20.4
1VQB,A,,41,41,Y,F,25,7.1,,,-3.2,,TYR,PHE,8378307,,80.1,-7.4
2LZM,A,,3,3,I,L,70,5.4,,,0.7,,ILE,LEU,8771182,,12.1,7.3
2LZM,A,,3,3,I,C,65,6.5,,,0,,ILE,CYS,3405287,,12.1,-58.1
2LZM,A,,3,3,I,P,39,2,,,-3,,ILE,PRO,1420185,,12.1,-31.6
2LZM,A,,3,3,I,Y,65,6.5,,,-2.3,,ILE,TYR,3405287,,12.1,48.4
2LZM,A,,3,3,I,V,65,6.5,,,-0.4,,ILE,VAL,3405287,,12.1,-20.4
2LZM,A,,6,6,M,I,65,6.5,,,-1.4,,MET,ILE,1854726,,0,-1.2
2LZM,A,,16,16,K,E,67,5.3,,,0.5,,LYS,GLU,1942034,,53.6,-12.1
2LZM,A,,38,38,S,D,70,5.4,,,0.6,,SER,ASP,8771182,,42.3,34
2LZM,A,,55,55,N,G,42,6.5,,,-0.6,,ASN,GLY,2511328,,74.8,-68.2
2LZM,A,,60,60,K,P,65,6.5,,,0,,LYS,PRO,1457724,,46.4,-39
2LZM,A,,77,77,G,A,65,6.5,,,0.4,,GLY,ALA,3477797,,3.7,22.2
2LZM,A,,82,82,A,P,65,6.5,,,0.8,,ALA,PRO,3477797,,73.9,41
2LZM,A,,85,85,K,A,58,5.4,,,-0.6,,LYS,ALA,19384988,,35.5,-80
2LZM,A,,89,89,D,A,58,5.4,,,-0.5,,ASP,ALA,19384988,,47.3,-41
2LZM,A,,96,96,R,A,58,5.4,,,-2,,ARG,ALA,19384988,,29.9,-81.2
2LZM,A,,96,96,R,D,58,5.4,,,-3.5,,ARG,ASP,19384988,,29.9,-40.2
2LZM,A,,96,96,R,M,58,5.4,,,-2.7,,ARG,MET,19384988,,29.9,-7.4
2LZM,A,,96,96,R,E,58,5.4,,,-2.5,,ARG,GLU,19384988,,29.9,-13.3
2LZM,A,,96,96,R,G,58,5.4,,,-2.6,,ARG,GLY,19384988,,29.9,-103.4
2LZM,A,,96,96,R,Q,58,5.4,,,-0.3,,ARG,GLN,19384988,,29.9,-13.3
2LZM,A,,96,96,R,H,58,5.4,,,-3.1,,ARG,HIS,19384988,,29.9,-7.4
2LZM,A,,96,96,R,N,58,5.4,,,-3,,ARG,ASN,19384988,,29.9,-35.2
2LZM,A,,96,96,R,K,58,5.4,,,0,,ARG,LYS,19384988,,29.9,-1.3
2LZM,A,,96,96,R,S,58,5.4,,,-2.6,,ARG,SER,19384988,,29.9,-74.3
2LZM,A,,96,96,R,Y,58,5.4,,,-4.7,,ARG,TYR,19384988,,29.9,39.8
2LZM,A,,96,96,R,V,58,5.4,,,-2.4,,ARG,VAL,19384988,,29.9,-29
2LZM,A,,96,96,R,W,58,5.4,,,-4.5,,ARG,TRP,19384988,,29.9,63.3
2LZM,A,,98,98,A,V,40,3,,,-4.9,,ALA,VAL,1920439,,0,52.3
2LZM,A,,105,105,Q,A,66,5.8,,,-0.6,,GLN,ALA,8460110,,29.6,-67.9
2LZM,A,,105,105,Q,E,66,5.8,,,-1.1,,GLN,GLU,8460110,,29.6,0
2LZM,A,,105,105,Q,G,66,5.8,,,-1.5,,GLN,GLY,8460110,,29.6,-90.1
2LZM,A,,113,113,G,A,65,6.5,,,0.3,,GLY,ALA,1457724,,61.3,22.2
2LZM,A,,115,115,T,E,65,6.5,,,0.3,,THR,GLU,1854726,,57.7,26.9
2LZM,A,,116,116,N,D,66,5.7,,,0.6,,ASN,ASP,1911773,,52,-5
2LZM,A,,119,119,R,E,67,5.3,,,0,,ARG,GLU,1942034,,44.4,-13.3
2LZM,A,,123,123,Q,E,65,6.5,,,0.4,,GLN,GLU,1854726,,51.7,0
2LZM,A,,124,124,K,G,42,6.5,,,-0.1,,LYS,GLY,2511328,,42.9,-102.2
2LZM,A,,131,131,V,A,41,2,,,0.3,,VAL,ALA,1304917,,55.1,-52.3
2LZM,A,,131,131,V,D,53,3,,,0.1,,VAL,ASP,8289284,,55.1,-11.3
2LZM,A,,131,131,V,G,53,3,,,-0.7,,VAL,GLY,8289284,,55.1,-74.5
2LZM,A,,131,131,V,I,53,3,,,0.2,,VAL,ILE,8289284,,55.1,20.4
2LZM,A,,131,131,V,L,53,3,,,0.1,,VAL,LEU,8289284,,55.1,27.7
2LZM,A,,131,131,V,S,53,3,,,-0.1,,VAL,SER,8289284,,55.1,-45.3
2LZM,A,,131,131,V,M,53,3,,,0.1,,VAL,MET,8289284,,55.1,21.6
2LZM,A,,131,131,V,E,53,3,,,0.2,,VAL,GLU,8289284,,55.1,15.6
2LZM,A,,133,133,L,A,41,2,,,-4.2,,LEU,ALA,1304917,,0.6,-80
2LZM,A,,135,135,K,E,67,5.3,,,-1,,LYS,GLU,1942034,,65,-12.1
2LZM,A,,144,144,N,D,70,5.4,,,0.4,,ASN,ASP,8771182,,67,-5
2LZM,A,,147,147,K,E,67,5.3,,,-0.7,,LYS,GLU,1942034,,38,-12.1
2LZM,A,,149,149,V,C,40,3,,,-2.2,,VAL,CYS,1920439,,0,-37.8
2LZM,A,,152,152,T,S,40,3,,,-2.6,,THR,SER,1920439,,0,-34
2LZM,A,,154,154,R,E,67,5.3,,,-1.1,,ARG,GLU,1942034,,32.8,-13.3
2LZM,A,,156,156,G,D,65,6.5,,,-2.3,,GLY,ASP,3680274,,20.3,63.2
2LZM,A,,157,157,T,A,54,3,,,-0.5,,THR,ALA,1993203,,32.1,-41
2LZM,A,,157,157,T,C,42,2,,,-1.3,,THR,CYS,24591301,,32.1,-26.5
2LZM,A,,157,157,T,D,42,2,,,-1.1,,THR,ASP,24591301,,32.1,0
2LZM,A,,157,157,T,E,54,3,,,-0.8,,THR,GLU,1993203,,32.1,26.9
2LZM,A,,157,157,T,F,42,2,,,-2.4,,THR,PHE,24591301,,32.1,72.7
2LZM,A,,157,157,T,G,42,2,,,-1.1,,THR,GLY,24591301,,32.1,-63.2
2LZM,A,,157,157,T,H,42,2,,,-2.1,,THR,HIS,24591301,,32.1,32.8
2LZM,A,,157,157,T,I,54,3,,,-1.5,,THR,ILE,1993203,,32.1,31.6
2LZM,A,,157,157,T,L,54,3,,,-1.7,,THR,LEU,1993203,,32.1,39
2LZM,A,,157,157,T,N,54,3,,,-1.2,,THR,ASN,1993203,,32.1,5
2LZM,A,,157,157,T,R,54,3,,,0.3,,THR,ARG,1993203,,32.1,40.2
2LZM,A,,157,157,T,S,42,2,,,-0.7,,THR,SER,24591301,,32.1,-34
2LZM,A,,157,157,T,V,54,3,,,-1.2,,THR,VAL,1993203,,32.1,11.3
2RN2,A,,10,10,D,N,50,6,,,0.9,,ASP,ASN,8955106,,9,5
2RN2,A,,48,48,E,Q,50,6,,,0.2,,GLU,GLN,8955106,,11.1,0
2RN2,A,,52,52,A,F,53,3.2,,,-0.5,,ALA,PHE,9228039,,0.3,113.7
2RN2,A,,52,52,A,I,53,3.2,,,1.9,,ALA,ILE,9228039,,0.3,72.6
2RN2,A,,52,52,A,L,53,3.2,,,1.3,,ALA,LEU,9228039,,0.3,80
2RN2,A,,52,52,A,V,53,3.2,,,1.7,,ALA,VAL,9228039,,0.3,52.3
2RN2,A,,62,62,H,A,25,5.5,,,0.4,,HIS,ALA,1645658,,66.1,-73.8
2RN2,A,,62,62,H,P,25,5.5,,,1.1,,HIS,PRO,1328237,,66.1,-32.8
2RN2,A,,70,70,D,N,50,6,,,0.9,,ASP,ASN,8955106,,36.3,5
2RN2,A,,74,74,V,L,53,5.5,,,1,,VAL,LEU,3191114,,0.5,27.7
2RN2,A,,74,74,V,I,53,5.5,,,0.6,,VAL,ILE,3191114,,0.5,20.4
2RN2,A,,77,77,G,A,50,3,,,-0.9,,GLY,ALA,8393706,,0,22.2
2RN2,A,,95,95,K,A,52,5.5,,,0.1,,LYS,ALA,1331044,,61.8,-80
2RN2,A,,95,95,K,G,52,5.5,,,1.9,,LYS,GLY,1331044,,61.8,-102.2
2RN2,A,,95,95,K,N,52,5.5,,,0.9,,LYS,ASN,1331044,,61.8,-34
2RN2,A,,134,134,D,A,50,5.5,,,2.1,,ASP,ALA,8125123,,33.9,-41
2RN2,A,,134,134,D,H,50,5.5,,,2.3,,ASP,HIS,8125123,,33.9,32.8
2RN2,A,,134,134,D,N,50,5.5,,,1,,ASP,ASN,8125123,,33.9,5
4LYZ,A,,12,12,M,F,35,5.5,,,0.5,,MET,PHE,11266617,,1.5,39.8
4LYZ,A,,12,12,M,L,35,5.5,,,-0.4,,MET,LEU,11266617,,1.5,6.1
4LYZ,A,,40,40,T,S,74,6.4,,,-0.3,,THR,SER,8535241,,0.8,-34
4LYZ,A,,49,49,G,A,25,2.7,,,-0.7,,GLY,ALA,11112507,,22.3,22.2
4LYZ,A,,55,55,I,V,74,6.4,,,-0.9,,ILE,VAL,8535241,,2.5,-20.4
4LYZ,A,,58,58,I,M,35,5.5,,,-1.2,,ILE,MET,11477222,,1.6,1.2
4LYZ,A,,67,67,G,A,25,2.7,,,-0.5,,GLY,ALA,11112507,,80.6,22.2
4LYZ,A,,71,71,G,A,25,2.7,,,-2.1,,GLY,ALA,11112507,,37,22.2
4LYZ,A,,78,78,I,M,35,5.5,,,-0.9,,ILE,MET,11477222,,30.1,1.2
4LYZ,A,,91,91,S,A,74,6.4,,,-0.2,,SER,ALA,8535241,,0.3,-6.9
4LYZ,A,,91,91,S,T,74,6.4,,,1,,SER,THR,8535241,,0.3,34
4LYZ,A,,98,98,I,M,35,5.5,,,-0.9,,ILE,MET,11477222,,5.5,1.2
4LYZ,A,,102,102,G,A,25,2.7,,,-1.2,,GLY,ALA,11112507,,65.2,22.2
4LYZ,A,,117,117,G,A,25,2.7,,,-0.8,,GLY,ALA,11112507,,90,22.2
5PTI,A,,22,22,F,A,25,2,,,-1.2,,PHE,ALA,7686069,,9.8,-113.7
5PTI,A,,23,23,Y,A,25,2,,,-5.9,,TYR,ALA,7686069,,6.2,-121
5PTI,A,,35,35,Y,G,25,2,,,-5,,TYR,GLY,7686069,,7.3,-143.3
5PTI,A,,43,43,N,G,25,2,,,-5.7,,ASN,GLY,7686069,,1.5,-68.2
5PTI,A,,45,45,F,A,25,2,,,-6.9,,PHE,ALA,7686069,,7.3,-113.7